{"img_path": "/media/xuchengjun/D/dataset/panoptic-toolbox/171204_pose1_sample/hdImgs/00_09/00_09_00000000.jpg", "camera": {"id": 9, "K": [[1397.14, 0.0, 946.792], [0.0, 1393.29, 541.213], [0.0, 0.0, 1.0]], "D": [-0.285295, 0.18205, -0.000405216, 0.000703705, -0.0469191], "R": [[-0.3072574253, -0.08390645857, 0.9479201342], [-0.1238435524, 0.9911598416, 0.04759141567], [-0.9435335972, -0.102770981, -0.3149324949]], "t": [[5.555147962], [146.903237], [259.9029028]]}, "bodyies": {"id": 0, "joint_2d": [[1066.864244523892, 560.5127420503353], [1084.6793141217681, 498.1590185038911], [1053.4233157652995, 827.4090885569399], [986.615658538166, 555.8687954762845], [949.0520813312075, 683.6207795514065], [963.2586977606553, 800.8156011048573], [999.571709363945, 820.3148880653882], [989.6075608105714, 1031.762967446552], [973.8707070253671, 1210.7262798263846], [1150.8338398233716, 561.7616937562817], [1178.530201070865, 694.3339125174517], [1183.2628356686453, 821.629821163825], [1107.3144634970456, 834.2774832636683], [1092.6265622522337, 1041.8486961314584], [1058.5413045165453, 1225.197366109222], [1072.4139008980924, 480.1098306088832], [1045.2124903423276, 469.8043488129381], [1097.8190769530536, 482.03849941471753], [1114.8008994392876, 473.5796653277972]], "root_3d": [[25.219329497686058, 4.065973296696626, 292.86443004076324], [21.81556168991532, 58.74673599222095, 282.04984219869164]]}, "gt_3d": {"id": 0, "joint_3d": [[25.219329497686058, 4.065973296696626, 292.86443004076324], [31.175665428593035, -9.760570354601356, 315.0001546208706], [21.81556168991532, 58.74673599222095, 282.04984219869164], [8.5019333661206, 3.137687564521997, 298.2124179773072], [0.47257900878006165, 29.99795220187505, 292.58369223723935], [3.5223822869566215, 55.80773426437163, 296.48577925268717], [10.81159545082016, 57.380705969286495, 283.00584879789795], [8.811226488587113, 101.56043860354139, 278.2070299412061], [5.583315002752935, 139.79834122029257, 272.2799300032504], [42.32138085679116, 4.27689801321705, 288.0973990126977], [46.252952926431, 30.655905558840743, 275.8072434216076], [48.163921993046586, 57.298006774746455, 279.09550799903894], [32.81954351071918, 60.11265641847261, 281.0937389259239], [29.972818035589995, 103.3013985755004, 276.11281431665276], [23.013634421588655, 141.63700978806122, 268.8690262226265], [28.361492997967375, -13.833105732871445, 314.6069864528683], [21.628888028590772, -15.73637866582149, 306.4379619767449], [33.96264788092665, -13.343256901618247, 313.06516425204745], [36.5869651718429, -14.768449861987364, 302.88922558642486]]}}