{"img_path": "/media/xuchengjun/D/dataset/panoptic-toolbox/171204_pose1_sample/hdImgs/00_04/00_04_00000000.jpg", "camera": {"id": 4, "K": [[1633.12, 0.0, 947.251], [0.0, 1628.9, 571.376], [0.0, 0.0, 1.0]], "D": [-0.219084, 0.170134, -0.000255163, 0.0010772, 0.0777839], "R": [[-0.5163938875, -0.01129080841, 0.8562767488], [0.642665794, 0.6557375672, 0.3962182734], [-0.5659664568, 0.7549044712, -0.3313626552]], "t": [[-7.816984441], [80.30869701], [379.6060578]]}, "bodyies": {"id": 0, "joint_2d": [[977.2152298110778, 409.94780451569704], [1031.1730940390958, 265.9089356042948], [970.7536157197853, 636.3210555446145], [890.0871270336858, 374.2167887711447], [858.8653397411126, 489.82827538905553], [895.8526695202652, 557.3062824897571], [916.4570586789288, 621.0930892921688], [924.6983803017376, 752.6505268586301], [922.8245283131347, 852.8092443137111], [1070.7315530461224, 442.3289651434561], [1085.4837934099571, 594.7520111653375], [1101.8157865144897, 662.8032170177747], [1025.584734648402, 651.6660187145357], [1018.9685422016946, 779.2411729697935], [992.9236580027597, 880.9146418139752], [1013.2761777459878, 248.69943846281234], [963.7979041045396, 269.8430230957038], [1043.9913893319854, 259.71873537687264], [1047.9622291192065, 296.58419849716756]], "root_3d": [[5.135216109645513, -27.752839683630896, 279.4533194160508], [4.57705523387732, 12.68245045238217, 317.96568785485755]]}, "gt_3d": {"id": 0, "joint_3d": [[5.135216109645513, -27.752839683630896, 279.4533194160508], [14.469280193715939, -52.84279578192613, 279.55772455093836], [4.57705523387732, 12.68245045238217, 317.96568785485755], [-10.019372902814542, -34.628317716443235, 285.11019633365254], [-16.5376248073273, -15.295640819110929, 305.1448387661504], [-10.308340995382508, -2.828911093754513, 327.42597667406227], [-6.0296817189232685, 9.759581597409294, 319.6453391564569], [-4.890900452664428, 39.37645499335258, 352.8179619306221], [-5.746844989903673, 66.24223799876194, 380.83910011877333], [20.723407057273025, -21.71660829362318, 273.46821721798244], [24.320714267061522, 4.124366338153337, 286.9463711508429], [29.387427193245163, 17.43148309019123, 309.7830764272026], [15.18377592743995, 15.605333848908671, 316.28589121165925], [15.367993940240222, 44.67954338330094, 348.7333457938946], [10.609025769840915, 72.19502255675019, 376.8540217727775], [11.26905904763542, -55.274820471825876, 276.6416428288085], [2.7649545346751188, -50.701647578810594, 271.9035340760711], [16.418004304641332, -53.06548091652027, 275.03003336389537], [16.607975634934792, -45.45617320794369, 267.6455705498146]]}}