{"model_pattern": "MIX", "3d_pairs": {"num": 5, "pred_2d": [[[0.0, 0.0, 0.0, 0.0], [0.0, 0.0, 0.0, 0.0], [34.46662139892578, 378.4776611328125, 0.0, 0.2975597679615021], [0.0, 0.0, 0.0, 0.0], [0.0, 0.0, 0.0, 0.0], [0.0, 0.0, 0.0, 0.0], [0.0, 0.0, 0.0, 0.0], [0.0, 0.0, 0.0, 0.0], [0.0, 0.0, 0.0, 0.0], [0.0, 0.0, 0.0, 0.0], [0.0, 0.0, 0.0, 0.0], [0.0, 0.0, 0.0, 0.0], [32.18782043457031, 381.87237548828125, -0.7232288718223572, 0.2356482595205307], [0.0, 0.0, -0.7232288718223572, 0.0], [0.0, 0.0, -0.7232288718223572, 0.0]], [[51.53818893432617, 285.77044677734375, -11.783936500549316, 3.0939695835113525], [42.40726089477539, 235.24134826660156, -16.260406494140625, 2.3171963691711426], [83.22816467285156, 362.6680603027344, 0.0, 3.0557851791381836], [64.58349609375, 283.71795654296875, -1.5259695053100586, 2.236124277114868], [74.93382263183594, 318.8172302246094, 3.3782711029052734, 1.1858558654785156], [99.02944946289062, 337.8349304199219, 3.493419647216797, 0.9765626788139343], [88.91859436035156, 353.6745910644531, 4.775076389312744, 2.555097818374634], [115.5476303100586, 404.70050048828125, 14.464849472045898, 2.8869545459747314], [131.8279266357422, 439.488525390625, 26.648162841796875, 3.1183524131774902], [49.70084762573242, 306.2779541015625, -17.632871627807617, 2.4777019023895264], [65.66478729248047, 366.68707275390625, -16.8740291595459, 3.052988290786743], [106.2379379272461, 345.53106689453125, -7.046173095703125, 3.7378151416778564], [80.95939636230469, 376.8008728027344, -3.9560768604278564, 2.403390407562256], [102.74992370605469, 430.1921081542969, 9.079357147216797, 3.1447043418884277], [117.12942504882812, 466.4793701171875, 21.99890899658203, 2.7144622802734375]], [[644.5814819335938, 259.0139465332031, -10.475815773010254, 2.9367246627807617], [654.02099609375, 222.4355010986328, -20.67467498779297, 2.7022621631622314], [618.5808715820312, 330.7247314453125, 0.0, 2.897587537765503], [633.8978881835938, 273.1790466308594, -13.630586624145508, 1.7308393716812134], [642.652099609375, 323.65960693359375, -14.592743873596191, 1.1416161060333252], [637.4435424804688, 354.6439208984375, -11.083248138427734, 2.3560101985931396], [615.3050537109375, 341.2138366699219, -4.032674312591553, 2.3844237327575684], [601.7823486328125, 394.67303466796875, 1.7489376068115234, 3.2847886085510254], [593.31591796875, 438.5939025878906, 5.779451370239258, 2.396467447280884], [654.1647338867188, 262.7257385253906, -2.7700958251953125, 2.65765380859375], [666.3335571289062, 285.9837646484375, 6.506650924682617, 1.8838717937469482], [652.7529296875, 267.2396240234375, 8.485557556152344, 0.7570033669471741], [621.9725341796875, 322.4289855957031, 3.232452869415283, 2.2808897495269775], [601.4299926757812, 374.4127197265625, 8.248394012451172, 2.185673952102661], [587.7504272460938, 413.0398254394531, 11.61838150024414, 2.131988525390625]], [[591.1466674804688, 166.9711456298828, -13.460500717163086, 3.6822237968444824], [590.5108642578125, 129.772705078125, -23.758567810058594, 3.9967873096466064], [570.6475830078125, 237.90518188476562, 0.0, 3.1639277935028076], [610.6527709960938, 181.3543701171875, -15.249320983886719, 3.547069549560547], [618.094482421875, 229.6165313720703, -13.962139129638672, 4.129620552062988], [594.8164672851562, 255.35824584960938, -15.15074634552002, 3.2569549083709717], [585.715087890625, 245.03065490722656, -1.5435848236083984, 3.2293598651885986], [574.0831298828125, 296.6796875, 9.747118949890137, 3.709148406982422], [565.7333984375, 329.78369140625, 25.42113494873047, 3.5291028022766113], [571.2379150390625, 166.1293487548828, -9.268484115600586, 4.143149375915527], [535.51123046875, 186.08497619628906, -7.785831451416016, 3.310528039932251], [534.9734497070312, 175.2028045654297, -13.236554145812988, 1.5155048370361328], [555.4620361328125, 233.12486267089844, 1.9722306728363037, 3.4764366149902344], [547.00927734375, 281.7997131347656, 11.117562294006348, 3.4860475063323975], [546.6693115234375, 317.1764221191406, 21.52362060546875, 3.2409777641296387]], [[283.36541748046875, 69.68817901611328, -17.510677337646484, 3.651216506958008], [293.17913818359375, 34.73164367675781, -27.392078399658203, 4.636834144592285], [290.2778015136719, 135.1357879638672, 0.0, 3.3077409267425537], [302.34454345703125, 72.61632537841797, -10.672270774841309, 3.591261148452759], [317.0157165527344, 110.33577728271484, 3.9325389862060547, 2.8289968967437744], [317.9463806152344, 137.3995361328125, 8.17202377319336, 2.1321749687194824], [304.8821105957031, 133.0515594482422, 1.6395835876464844, 3.1849706172943115], [310.5014953613281, 182.16629028320312, 16.73077392578125, 3.8566415309906006], [304.5968322753906, 217.02813720703125, 29.602886199951172, 2.7951016426086426], [265.784423828125, 80.81201171875, -21.739566802978516, 3.6235201358795166], [254.3688507080078, 126.27352142333984, -16.396732330322266, 3.249484062194824], [261.5665283203125, 165.65023803710938, -12.009798049926758, 4.228436470031738], [276.6353454589844, 139.01705932617188, -1.9565801620483398, 2.9755656719207764], [282.0498046875, 194.02037048339844, 13.219205856323242, 3.4947845935821533], [286.1439208984375, 230.82321166992188, 26.532758712768555, 2.950925588607788]]], "root_3d": [[[-195.80189514160156, 37.656105041503906, 423.5144348144531, 1.0], [-200.14657592773438, 17.767322540283203, 464.61395263671875, 1.0], [139.43466186523438, 3.141204833984375, 511.6720275878906, 1.0], [125.6341323852539, -59.241085052490234, 611.3305053710938, 1.0], [-101.5715103149414, -143.17071533203125, 643.1907348632812, 1.0]], [[-198.9755096435547, 63.87397003173828, 433.9007263183594, 1.0], [-192.22308349609375, 61.61597442626953, 480.5983581542969, 1.0], [127.74532318115234, 47.12062454223633, 524.6503295898438, 1.0], [116.54902648925781, -13.637024879455566, 627.03076171875, 1.0], [-100.05282592773438, -96.18671417236328, 662.1260375976562, 1.0]]], "image_path": "00_07_00010600.jpg", "gt_3d": [], "gt_2d": []}}
