{"img_path": "/media/xuchengjun/D/dataset/panoptic-toolbox/171204_pose1_sample/hdImgs/00_24/00_24_00000000.jpg", "camera": {"id": 24, "K": [[1399.63, 0.0, 955.948], [0.0, 1395.85, 545.229], [0.0, 0.0, 1.0]], "D": [-0.288488, 0.191008, -1.73811e-05, 0.000369067, -0.05723], "R": [[-0.4005164628, -0.05912233861, -0.9143801792], [0.0228486317, 0.9969614588, -0.07447005922], [0.9160046414, -0.05071882065, -0.3979486125]], "t": [[-12.28464631], [132.6875692], [268.0008991]]}, "bodyies": {"id": 0, "joint_2d": [[971.3902331875776, 469.09328010806234], [1037.559989618826, 366.71302676182523], [930.1128538185399, 767.6310812062457], [1055.4914719913008, 477.82475803026466], [1057.6386493614846, 625.2743219469982], [1055.5184960029655, 758.4204973738838], [977.3218714065354, 763.7822266389052], [955.9544684917785, 991.2473670630834], [937.72129738203, 1175.0128641208662], [883.0583552593719, 455.24601927799654], [813.9017610200613, 602.8563818816716], [806.3652168861147, 750.0593312560485], [880.4452386250723, 771.5246487876782], [862.411579683032, 1004.3730141193471], [857.1951683994766, 1191.8390695840294], [1048.1313925947195, 348.99785074601107], [1041.9875996948313, 357.42436098513326], [1019.0115744803853, 345.21800119897046], [968.2232532730089, 345.4891688938797]], "root_3d": [[2.838115719728231, -14.032258754174705, 257.03639403236804], [-4.785759235144313, 41.28837589509317, 257.2115151579575]]}, "gt_3d": {"id": 0, "joint_3d": [[2.838115719728231, -14.032258754174705, 257.03639403236804], [14.03803611126952, -30.793404633161714, 239.42198737647556], [-4.785759235144313, 41.28837589509317, 257.2115151579575], [18.830176164983747, -12.785534337997177, 264.22205362208314], [19.56899843526364, 15.446075374120383, 268.700586420379], [18.58258367222585, 39.901225760641424, 259.1274448882847], [4.0573982363765815, 41.625641721298365, 263.96074306425885], [-0.009493364700768225, 85.80534656626239, 260.72145506384066], [-3.615661624116232, 124.46293748652232, 260.19863804836206], [-13.01006059439204, -16.10372412971151, 249.30376359591037], [-25.55805713857163, 10.396438633796095, 250.93053302759083], [-26.159336972428292, 35.914119633112676, 242.40102759264406], [-13.628987421284792, 40.95100967880292, 250.4623680060578], [-17.140967369279068, 84.31258526213634, 248.09157384366526], [-18.880579891655714, 123.80023388187982, 250.95882766241922], [16.066651038410292, -34.29835334368062, 242.29596512537583], [15.65109181407535, -34.25970317622895, 253.04348554303434], [10.86712695513674, -34.56564264721365, 239.67230178274195], [2.16562128497125, -35.364733095818565, 245.68172750234675]]}}