{"img_path": "/media/xuchengjun/D/dataset/panoptic-toolbox/171204_pose1_sample/hdImgs/00_28/00_28_00000000.jpg", "camera": {"id": 28, "K": [[1396.25, 0.0, 952.946], [0.0, 1392.68, 560.649], [0.0, 0.0, 1.0]], "D": [-0.285514, 0.179814, 5.81911e-05, 0.000295266, -0.0448157], "R": [[-0.642561769, -0.02939492061, -0.7656698451], [-0.5069025387, 0.7656560093, 0.3960059238], [0.5745991553, 0.6425782552, -0.5068816396]], "t": [[-7.146146086], [102.5752031], [363.2267619]]}, "bodyies": {"id": 0, "joint_2d": [[999.3335316896907, 564.7664282739005], [1095.1145852155312, 548.8808370071258], [961.9386112653242, 759.2086012210425], [1067.4807028694763, 527.4549668539202], [1057.5486017531482, 613.219805749085], [1063.3062767343265, 723.333723782223], [992.1831275557454, 727.3260296965226], [978.4692563536554, 858.1225159768024], [965.5861047073951, 945.8231473228396], [927.5326717148164, 603.5190473615623], [865.3385471953936, 708.8676711546354], [880.4167590216276, 822.5383622292734], [930.4049225096996, 792.3264029514496], [923.3361498093699, 915.5506724615944], [918.3199925360634, 989.20091876937], [1101.497039831942, 520.3211123263037], [1077.3188280109746, 481.5886995012703], [1078.1161336113498, 535.3148173073255], [1017.4116943048551, 519.0367075608227]], "root_3d": [[8.54403220557681, 0.7603162674985953, 257.0986631647748], [1.9026480776964565, 42.15821351111625, 293.9854206163082]]}, "gt_3d": {"id": 0, "joint_3d": [[8.54403220557681, 0.7603162674985953, 257.0986631647748], [24.042981923996997, -1.9954912837185361, 235.44618912329256], [1.9026480776964565, 42.15821351111625, 293.9854206163082], [21.87074822663125, -6.355030508737883, 266.08223167157206], [21.682608727549017, 10.925287885763808, 288.8634103279939], [23.758605766632712, 35.11519446336328, 298.92378255577694], [8.483477321990632, 36.13521466572125, 300.6400003165104], [6.073022351486291, 71.01571307053857, 328.14308109009875], [3.2653961020832707, 100.01877673152727, 353.806803656597], [-4.500951888179452, 7.6119962782454, 247.19249812739235], [-16.651134073658618, 28.241151547452432, 264.19744588554016], [-14.486589808819266, 52.430197263744105, 275.7936029835011], [-4.678273110076361, 48.1811009408934, 287.3308138429304], [-6.812378443418417, 81.7834508772647, 314.98056209319293], [-8.776133256538024, 108.76462560881926, 343.9405632460241], [25.131552475065277, -6.840476885060866, 235.41754013870298], [21.69833334150608, -13.829049651252404, 242.83752905348615], [20.881571371324554, -4.237453152918377, 232.39230764110638], [10.827534951881917, -7.007214237615244, 234.31914940106572]]}}