{"model_pattern": "MIX", "3d_pairs": 
{"num": 4, "pred_2d": [[[748.0689086914062, 248.68951416015625, -16.001407623291016, 3.5390634536743164], [759.066162109375, 200.88807678222656, -26.602764129638672, 3.602651596069336], [710.8211669921875, 322.65478515625, 0.0, 2.7165846824645996], [759.1456298828125, 269.45770263671875, -23.24788475036621, 2.9307820796966553], [791.29248046875, 325.2091369628906, -28.19032096862793, 2.825493097305298], [745.2919921875, 321.6607360839844, -14.729413986206055, 3.1902997493743896], [720.041015625, 337.216796875, -3.933093309402466, 2.7681081295013428], [703.5945434570312, 391.3573913574219, 13.101166725158691, 3.426753282546997], [694.2852783203125, 423.7272644042969, 30.643779754638672, 3.088515043258667], [730.5904541015625, 243.10923767089844, -8.782271385192871, 2.592637538909912], [706.9166870117188, 245.22189331054688, -5.31442403793335, 0.9731469750404358], [701.9843139648438, 278.1832275390625, -5.312641143798828, 0.9625530242919922], [700.2891235351562, 309.3535461425781, 2.437757968902588, 2.7107717990875244], [679.1736450195312, 360.8299560546875, 14.930938720703125, 3.227189302444458], [674.7935180664062, 390.7912292480469, 29.29012680053711, 3.182844400405884]], [[619.07958984375, 166.84326171875, -12.412992477416992, 3.810471296310425], [630.1685180664062, 125.15056610107422, -21.68421173095703, 3.1984689235687256], [601.202880859375, 246.1165771484375, 0.0, 2.868799924850464], [637.6360473632812, 182.20655822753906, -18.035736083984375, 3.635768175125122], [610.584716796875, 233.57652282714844, -20.446130752563477, 2.6676290035247803], [604.634765625, 194.6074676513672, -20.743370056152344, 1.553113341331482], [617.8173828125, 253.10140991210938, -2.006071090698242, 2.7704668045043945], [603.4741821289062, 309.3836669921875, 9.206275939941406, 3.4009108543395996], [597.3016967773438, 346.91583251953125, 23.611873626708984, 3.554197072982788], [597.522216796875, 166.15721130371094, -7.07826042175293, 3.4480011463165283], [568.9208984375, 210.10963439941406, -2.67850399017334, 3.359147071838379], [586.5469970703125, 219.3640899658203, -13.591242790222168, 1.9053306579589844], [584.685791015625, 238.447021484375, 2.4049980640411377, 2.7190287113189697], [571.4215698242188, 297.1911315917969, 12.349907875061035, 3.5178632736206055], [568.8359985351562, 329.7276916503906, 26.760902404785156, 3.651569366455078]], [[321.8608093261719, 126.86624908447266, -16.528032302856445, 3.438462495803833], [312.60565185546875, 93.62425994873047, -33.99932098388672, 3.6906676292419434], [330.20806884765625, 194.93801879882812, 0.0, 3.33557391166687], [341.9721984863281, 128.73370361328125, -10.720342636108398, 3.9900434017181396], [360.8328552246094, 162.6766815185547, 4.752601623535156, 4.002101898193359], [362.0350341796875, 194.23931884765625, 1.7887599468231201, 3.9770967960357666], [346.7449951171875, 193.1862335205078, 0.25476735830307007, 3.2439205646514893], [353.3861083984375, 246.2848663330078, 11.417832374572754, 3.5208091735839844], [350.65966796875, 282.7418212890625, 24.857303619384766, 3.2536733150482178], [301.8558654785156, 133.5777130126953, -18.24049949645996, 3.8778092861175537], [296.6846923828125, 178.06434631347656, -20.14103126525879, 3.777968645095825], [314.31756591796875, 158.43328857421875, -29.385311126708984, 3.5067522525787354], [314.001953125, 197.5706329345703, -0.6611863970756531, 3.5560054779052734], [321.83087158203125, 252.7808074951172, 12.900733947753906, 3.386385202407837], [326.91326904296875, 286.04803466796875, 28.31851577758789, 3.5408682823181152]], [[454.9779052734375, 146.00135803222656, -17.55667495727539, 3.71994686126709], [458.8190002441406, 109.30704498291016, -29.15148162841797, 3.127378463745117], [450.4382019042969, 211.13682556152344, 0.0, 2.863516330718994], [473.3385009765625, 153.78990173339844, -20.35533332824707, 3.6826095581054688], [502.4873352050781, 189.40223693847656, -11.95706558227539, 3.372513771057129], [478.0736083984375, 209.45330810546875, -7.201395034790039, 1.9537091255187988], [465.751708984375, 214.2685546875, -1.7384014129638672, 2.9388434886932373], [464.93609619140625, 266.198486328125, 9.245954513549805, 3.3397982120513916], [465.8067321777344, 306.8316650390625, 21.920974731445312, 3.088031053543091], [438.2821960449219, 149.28379821777344, -10.776602745056152, 3.636775493621826], [434.2244873046875, 178.17662048339844, 6.78328800201416, 2.5709526538848877], [429.65460205078125, 201.5650177001953, 10.36280345916748, 1.9992796182632446], [434.8949279785156, 209.23287963867188, 1.374983549118042, 2.6859123706817627], [437.07818603515625, 261.819091796875, 8.255111694335938, 3.5920259952545166], [439.0970458984375, 296.7965087890625, 19.011667251586914, 3.841435194015503]]], "root_3d": [[[189.33306884765625, -3.709941864013672, 485.9107971191406, 1.0], [129.81825256347656, -52.721134185791016, 530.4140014648438, 1.0], [-68.610595703125, -94.9718017578125, 614.7808227539062, 1.0], [30.355566024780273, -84.00061798095703, 641.2374267578125, 1.0]], [[179.573974609375, 40.599063873291016, 506.76666259765625, 1.0], [121.77677154541016, -6.498671531677246, 547.0664672851562, 1.0], [-64.87442779541016, -46.17405319213867, 629.14453125, 1.0], [27.169038772583008, -35.39352035522461, 656.3826904296875, 1.0]]], "image_path": "00_01_00010600.jpg", "gt_3d": [], "gt_2d": []}}
