{"img_path": "/media/xuchengjun/D/dataset/panoptic-toolbox/171204_pose1_sample/hdImgs/00_27/00_27_00000000.jpg", "camera": {"id": 27, "K": [[1861.44, 0.0, 936.647], [0.0, 1856.72, 552.322], [0.0, 0.0, 1.0]], "D": [-0.17275, 0.214539, 8.96634e-05, 0.000541524, 0.2055], "R": [[0.9823570062, 0.02253123618, 0.1856530523], [0.02600744891, 0.9666111039, -0.254924668], [-0.1851980697, 0.2552553959, 0.9489712102]], "t": [[-1.699381026], [124.1723029], [308.7807883]]}, "bodyies": {"id": 0, "joint_2d": [[776.4107709296209, 428.80695572540594], [631.9078021635753, 321.0785378022226], [824.4795626122624, 772.178402676787], [744.2319342743579, 452.4276382462692], [775.0738072036628, 653.0739427061238], [737.0979990396214, 806.0063462309656], [824.0670412566466, 795.7326132781056], [836.2248179291361, 1047.9404089681784], [857.2790886050569, 1250.4657890341982], [801.4493435529815, 402.68978048515953], [863.4108806451377, 554.9242794491963], [831.180346965672, 697.18982444705], [824.8688670636343, 750.2812834665953], [837.9244395139751, 985.8694776623839], [866.8977305902597, 1192.4488881460989], [635.2942032598528, 298.1453594700498], [691.9985202868778, 297.8121918685905], [646.4836843504147, 294.4324406749187], [714.911642717452, 285.6404078363863]], "root_3d": [[-23.840976350318364, -18.42299731264538, 276.34691203768557], [-17.67303825998708, 34.722501848511286, 292.3481373986122]]}, "gt_3d": {"id": 0, "joint_3d": [[-23.840976350318364, -18.42299731264538, 276.34691203768557], [-45.21348061437881, -34.39247712762136, 274.1484294429786], [-17.67303825998708, 34.722501848511286, 292.3481373986122], [-26.903499246620758, -14.002066250068737, 259.613402399042], [-22.74909387410242, 14.22049790098022, 261.57673883973087], [-29.328214464173097, 37.372902007247916, 272.12916934620114], [-17.087967643075377, 37.032548154518, 281.4766776041481], [-16.090652516561132, 79.55216964217036, 294.51378100615506], [-13.284475387661468, 116.92553978583786, 304.6648251288409], [-21.33646966947371, -23.672742880422618, 293.1223957116019], [-12.087138035301988, 0.43052894713791545, 307.11665789308194], [-17.989843888421998, 24.770993111930096, 316.9637849748319], [-18.258005468199695, 32.412351285152354, 303.2195911065782], [-16.88303820053389, 74.28561937401557, 315.17449761240147], [-12.308605769225952, 113.04259725249473, 322.066015820836], [-44.097141967175446, -37.28379836159243, 270.26851428527465], [-34.996566353781866, -36.49514521869398, 264.5904047269969], [-43.33416331361825, -38.60734570812696, 275.89489763458914], [-33.48995839281864, -40.375257139619634, 279.42109425521267]]}}