{"img_path": "/media/xuchengjun/D/dataset/panoptic-toolbox/171204_pose1_sample/hdImgs/00_01/00_01_00000000.jpg", "camera": {"id": 1, "K": [[1397.22, 0.0, 952.787], [0.0, 1393.35, 560.88], [0.0, 0.0, 1.0]], "D": [-0.286091, 0.180889, -1.60587e-05, 0.000789872, -0.0449576], "R": [[0.06931370124, 0.02420951868, 0.997301113], [0.6370321066, 0.7682646944, -0.06292419688], [-0.7677145993, 0.6396743379, 0.03782902881]], "t": [[3.611476397], [105.3186549], [361.8137386]]}, 
"bodyies": {"id": 0, 
"joint_2d": [
[953.6372512756944, 463.52627436761884], 
[935.2115396202884, 341.6752806700298], 
[973.1513641063743, 673.7514934574971], 
[867.1169493189502, 469.1663967364595], 
[854.3923983431276, 588.6697141874616], 
[874.1425955315742, 647.8092210057824], 
[926.0510827994214, 683.4257898199409], 
[939.7219178800651, 809.2298071936854], 
[947.0722391091012, 907.4019975787494], 
[1040.0605867759768, 453.25940864830284], 
[1083.4809633207512, 574.0361574360581], 
[1083.8772606761843, 640.0292632730198], 
[1019.4269903317252, 664.1699997805158], 
[1021.7187794076754, 789.3802472900485], 
[1012.4633261861666, 897.1119567546443], 
[921.8420035250091, 331.0880947395274], 
[904.7853715389242, 355.30320212949044], 
[950.0108064589008, 329.4083460865649], 
[980.9432421159523, 347.70098829003257]], 
"root_3d": [
[0.1713702105560384, -19.802196015559133, 283.0192936592867], [4.601856204674126, 25.586548542475285, 315.2490844754698]]}, 
"gt_3d": {
"id": 0, 
"joint_3d": [
[0.1713702105560384, -19.802196015559133, 283.0192936592867], [-3.661216397285435, -45.717609158945336, 288.5278498509184], [4.601856204674126, 25.586548542475285, 315.2490844754698], [-17.343764409777176, -18.616854936414214, 282.15381775964], [-20.908266671004913, 5.921218765127861, 296.3947504526392], [-17.963952981677163, 19.909576375477272, 318.4476255838171], [-5.995221864159568, 27.5465924362927, 312.46926002709745], [-3.2288470444786985, 61.37850763171203, 341.22039215782644], [-1.5369265055745216, 92.30994830682037, 364.6312978550351], [17.77415778511287, -21.981622263392467, 283.82004678502545], [27.7522382952554, 2.8016588068564516, 296.00955503127363], [29.933302462115236, 18.1251417157479, 318.02545552639765], [15.198978675970597, 23.62648900843122, 318.02876969810944], [17.1922356403411, 57.17586759752558, 345.7532539700608], [15.952878182025279, 90.2364054862838, 367.57037150002077], [-6.361856855421225, -47.32558682255727, 284.68328992355896], [-9.568884853784162, -41.072465692323746, 276.5410036367447], [-0.5776760633049727, -47.766268303812026, 285.2656609340608], [5.639330795028677, -42.8560264266243, 278.21539183408686]]}}
