{"img_path": "/media/xuchengjun/D/dataset/panoptic-toolbox/171204_pose1_sample/hdImgs/00_18/00_18_00000000.jpg", "camera": {"id": 18, "K": [[1542.07, 0.0, 946.196], [0.0, 1537.95, 554.265], [0.0, 0.0, 1.0]], "D": [-0.247953, 0.190706, 6.8039e-05, 0.000476092, -0.00224513], "R": [[-0.390163797, -0.0006747239014, 0.9207452179], [0.3673316594, 0.9168582487, 0.1563278726], [-0.8442983261, 0.3992123451, -0.3574770482]], "t": [[13.30544958], [117.2533007], [329.2065567]]}, "bodyies": {"id": 0, "joint_2d": [[1066.0357019414428, 425.41411704912065], [1093.4003713510942, 312.9269763020929], [1063.0514874170726, 700.2849824055571], [978.1562094101621, 413.6324238473535], [946.8252412189577, 552.5316712626235], [974.4500780823837, 651.5942896992291], [1007.3667783832201, 693.75326049782], [1011.5197028233971, 877.7542835875144], [1007.4135980967819, 1023.3056530052668], [1159.0323653999096, 432.911745638807], [1186.9068733065114, 589.7416252651801], [1197.3762599323875, 697.9512308515731], [1119.0125633664015, 706.7635306503976], [1111.9742569105806, 888.0744158618047], [1085.7473789341914, 1039.0792009081656], [1077.830704268224, 294.78576000118585], [1041.6146378406702, 301.8212190468249], [1106.9479741894413, 298.3388004050631], [1121.4994195625954, 308.95086421464754]], "root_3d": [[22.339902513944118, -24.08626290706725, 286.57871795927826], [23.116514149526253, 28.96565299529867, 303.99761137828455]]}, "gt_3d": {"id": 0, "joint_3d": [[22.339902513944118, -24.08626290706725, 286.57871795927826], [28.71988697467045, -47.22047931829876, 298.4423337270183], [23.116514149526253, 28.96565299529867, 303.99761137828455], [6.077496913978108, -26.81969781696428, 292.6611944688972], [0.12309250021350415, -0.3399836172632149, 301.6610114251272], [5.81680529352084, 20.093512872529843, 317.1763679810606], [12.142380748472544, 27.765627017358298, 305.41026610688715], [13.822268862278484, 68.66786698443268, 322.8189896575828], [13.651773934969553, 105.00053811382149, 336.51552436053436], [38.963997844515056, -22.27813771641395, 280.61052120571634], [44.318426813438066, 6.549285136771843, 282.24361781671837], [48.90969775051985, 28.055672173707464, 297.75688928693967], [34.09064543148137, 30.165630273695015, 302.584817999533], [34.8254378149067, 70.32947064750016, 319.45215067568057], [30.8567297911263, 107.54771425785219, 332.4741892558124], [25.522900376020146, -50.45667352437958, 296.45084789151997], [18.02608919551743, -47.83049471041208, 289.1993387116292], [31.00752704296471, -49.50765375757889, 294.71639252851594], [32.686346116448775, -45.87105963142638, 284.89678491788277]]}}