{"img_path": "/media/xuchengjun/D/dataset/panoptic-toolbox/171204_pose1_sample/hdImgs/00_02/00_02_00000000.jpg", "camera": {"id": 2, "K": [[1397.34, 0.0, 939.547], [0.0, 1394.21, 556.932], [0.0, 0.0, 1.0]], "D": [-0.282908, 0.174096, -0.000553102, 0.000955824, -0.039834], "R": [[-0.9977536992, 0.05413626512, -0.03945656507], [0.001792027357, 0.6103577438, 0.7921238623], [0.06696524745, 0.7902738066, -0.6090837104]], "t": [[-17.1694445], [61.4556178], [382.4086979]]}, "bodyies": {"id": 0, "joint_2d": [[909.2313668526725, 415.43511729610793], [1019.061558263205, 344.3011070204424], [906.2226736843735, 598.8722800254358], [912.9636740731904, 350.99705218459894], [902.2995220720818, 429.6797634679401], [943.9925518390628, 513.159667976665], [896.879076555543, 558.5602394002666], [911.8503949538916, 672.5201075297153], [915.0351040238554, 751.5317412928399], [908.0177087215375, 483.57542323711823], [878.9235340921609, 609.8341103735902], [923.0886772001228, 690.3481278026283], [915.9712556259312, 640.8231139359175], [927.1794127017006, 745.2839384030174], [920.8649501408129, 810.514960285386], [1009.1791638913569, 318.9305227524691], [954.358395834682, 303.15878589327406], [1010.8393762279181, 341.74470240645655], [959.3261583599195, 361.8977091844383]], "root_3d": [[-5.755036762916344, -26.907251367876796, 264.3521823408819], [-7.322961202031912, 9.236696651099749, 306.8925559788616]]}, "gt_3d": {"id": 0, "joint_3d": [[-5.755036762916344, -26.907251367876796, 264.3521823408819], [14.387519726076565, -38.57387846764432, 251.13065519811056], [-7.322961202031912, 9.236696651099749, 306.8925559788616], [-5.270245650012368, -40.86950445854586, 275.01775729037564], [-8.022768023748956, -27.46004837720163, 300.1222789845404], [1.0101615977970226, -9.971514960918284, 317.53577417349203], [-9.567833869511482, 0.36608650971351153, 313.2281760795255], [-6.9010790132626685, 28.856644132408633, 347.2877629692535], [-6.67095470342969, 53.025907380118994, 377.67659117564335], [-5.712917167902802, -13.319296329111296, 252.92349306532776], [-11.701565742082979, 10.233856707835756, 269.40810081948575], [-3.4061283177159076, 27.653606153694497, 288.1698728882275], [-5.078195301811377, 18.107277620868842, 300.5568391839935], [-2.981858113132187, 45.426651425505455, 334.4306947437375], [-4.970566792034635, 67.46341612404237, 367.3084657921067], [12.555892501348954, -43.03422928703063, 249.9431770450346], [2.694064089654681, -46.3996519280705, 252.6080690230881], [12.661906579504581, -38.31977482161648, 246.51494372325993], [3.4568558564418694, -34.2066373740943, 243.22600993295308]]}}