{"img_path": "/media/xuchengjun/D/dataset/panoptic-toolbox/171204_pose1_sample/hdImgs/00_23/00_23_00000000.jpg", "camera": {"id": 23, "K": [[1572.75, 0.0, 942.748], [0.0, 1567.93, 560.347], [0.0, 0.0, 1.0]], "D": [-0.238394, 0.185979, -0.00019237, 0.00056832, 0.0168314], "R": [[0.5312213594, 0.01375945173, 0.8471213283], [0.1413245148, 0.984420416, -0.1046127433], [-0.8353629444, 0.1752915344, 0.5210006037]], "t": [[0.5257884281], [102.4035335], [295.7737608]]}, "bodyies": {"id": 0, "joint_2d": [[885.1189902103681, 316.98573703154943], [820.5444620217107, 231.5237347928084], [915.5971411967322, 614.8558955520746], [800.2194229128444, 319.28980791676327], [792.5849184628563, 478.494288923975], [791.5915224770065, 607.1735235992294], [872.3903511873931, 621.7078778640966], [885.045927925504, 848.38024751022], [897.3733227133458, 1034.8125246382167], [963.8384276867814, 310.8554775922436], [1024.6180666167502, 452.0247700867426], [1013.5090198286597, 578.0694932049281], [956.576514554635, 608.3394645230153], [963.7278018201714, 821.6358992214219], [966.7114641275334, 1011.3309155558849], [811.7236604690419, 211.59919858237288], [817.8308241550494, 206.20088200990978], [837.6765212563644, 212.74798223437767], [885.981200961177, 207.64409962701393]], "root_3d": [[-10.587111106845082, -44.826370991573285, 287.0855559157334], [-5.0869691193974, 10.243727160482422, 294.53937924636426]]}, "gt_3d": {"id": 0, "joint_3d": [[-10.587111106845082, -44.826370991573285, 287.0855559157334], [-23.651385259779726, -63.80949553017693, 300.7093319491262], [-5.0869691193974, 10.243727160482422, 294.53937924636426], [-25.367185298679168, -43.024696131735126, 277.7454596977122], [-26.481951381649978, -14.477815926106302, 276.53722611912286], [-27.842082855779807, 8.651715595269621, 288.94074365459187], [-12.833809657469569, 11.226823433581188, 286.60923151632926], [-10.941826146879755, 54.75833391290768, 295.57064367809875], [-8.895336107632707, 93.12972312950197, 301.15056222138486], [4.000101248547127, -47.51558282464801, 296.8441731410802], [15.655075803813258, -20.77816380642504, 300.2543366095775], [14.030094052730677, 3.5249428338310764, 311.6991819951155], [2.6599570497186633, 9.260542393283814, 302.4694467509756], [4.163279282629546, 52.07469893507889, 310.3984395611441], [4.838814463475912, 91.64486334051254, 312.4642398385777], [-25.097880911131902, -66.97862306023764, 297.1704093568328], [-23.08952617780106, -65.63018347303465, 286.6903520872793], [-20.340311590831003, -67.46220435446646, 300.5053436728686], [-10.817859696049648, -67.3605658594583, 295.83838283203204]]}}