{"img_path": "/media/xuchengjun/D/dataset/panoptic-toolbox/171204_pose1_sample/hdImgs/00_25/00_25_00000000.jpg", "camera": {"id": 25, "K": [[1398.86, 0.0, 934.587], [0.0, 1395.65, 558.765], [0.0, 0.0, 1.0]], "D": [-0.291038, 0.195402, -0.000448743, 0.000396677, -0.0591006], "R": [[0.7843153993, 0.001030761505, -0.6203614204], [0.04572637326, 0.9971823484, 0.05946816592], [0.6186747556, -0.07500867617, 0.7820583388]], "t": [[7.833570878], [139.0527431], [260.4900727]]}, "bodyies": {"id": 0, "joint_2d": [[889.0867420989127, 516.2178450145389], [801.0577766510727, 415.8770669659681], [899.4329865135659, 811.7674362270262], [949.2100194198184, 507.6363614140547], [985.671723483459, 665.3319166874797], [940.5884050310317, 808.8038567230504], [946.231080123466, 812.8295364732166], [939.2533512084108, 1045.3569500236965], [944.9388756840276, 1233.7556466056399], [832.2167757813761, 519.7956703199642], [836.2954275552056, 657.9147477670076], [802.0190400019013, 785.8573380223545], [855.0547869501834, 810.6079703908944], [854.4636597097009, 1027.6804156851913], [880.6297450698434, 1212.7036951604778], [817.9379629709046, 393.90537520959015], [876.5283558746261, 394.33374692693934], [798.5905648720249, 399.61791937386903], [822.5608516258161, 406.3802597191118]], "root_3d": [[-8.481395775716535, -7.94874328074593, 260.59533709230703], [-6.637664644904175, 47.85919179310365, 261.3710901149828]]}, "gt_3d": {"id": 0, "joint_3d": [[-8.481395775716535, -7.94874328074593, 260.59533709230703], [-23.741557003344393, -25.459664125082014, 247.28606662942607], [-6.637664644904175, 47.85919179310365, 261.3710901149828], [2.5826818100186557, -9.051322043379315, 246.98267644039186], [8.931766436262558, 18.677500138609176, 244.07949783011074], [1.0347834994127094, 43.34649705224828, 239.63532355167874], [2.1368378709782787, 46.810798627308756, 254.6052762693156], [0.8591054829911844, 91.22286191991236, 252.41097727268038], [1.960305061361515, 130.0152426965683, 251.13595729962918], [-20.0907589227734, -7.664536180598873, 274.0263142859675], [-19.969437261461533, 20.19025563287775, 283.324328942743], [-26.692363842962624, 45.82750533944798, 278.6553108889277], [-15.412113646779666, 48.90749219202766, 268.13700461132674], [-15.764402591473559, 92.40782594575067, 265.73330728804893], [-10.864501216102276, 131.6671885592581, 263.44962533724424], [-20.68241810480421, -29.29230633289336, 246.503624943862], [-10.410948033556945, -29.547048724650494, 249.68409461316614], [-24.548098919489444, -28.787739141873118, 250.838602150993], [-21.001472198783745, -28.628369350056516, 260.8317990432677]]}}