{"model_pattern": "MIX", "3d_pairs": {"num": 5, "pred_2d": [[[772.67236328125, 245.79342651367188, -3.9079480171203613, 2.86479115486145], [774.2361450195312, 164.61854553222656, -8.109848976135254, 2.1797597408294678], [750.0448608398438, 404.81280517578125, 0.0, 1.9353134632110596], [774.1422119140625, 264.8741149902344, -9.141788482666016, 2.103506326675415], [813.3643188476562, 334.7911682128906, -16.202991485595703, 1.6567957401275635], [766.2523193359375, 378.57421875, -12.121243476867676, 1.1757111549377441], [749.7037963867188, 414.55743408203125, -6.342904090881348, 0.9328063130378723], [0.0, 0.0, -6.342904090881348, 0.0], [0.0, 0.0, -6.342904090881348, 0.0], [770.1826782226562, 250.88082885742188, 3.9632344245910645, 1.839044451713562], [782.21337890625, 286.7490234375, 9.942609786987305, 0.2445376068353653], [0.0, 0.0, 9.942609786987305, 0.0], [746.238037109375, 389.2157287597656, 5.404393196105957, 1.027474045753479], [0.0, 0.0, 5.404393196105957, 0.0], [0.0, 0.0, 5.404393196105957, 0.0]], [[684.6766967773438, 216.70065307617188, -4.067067623138428, 3.4853851795196533], [685.2340087890625, 162.08688354492188, -8.318059921264648, 3.500145196914673], [669.1257934570312, 334.4306945800781, 0.0, 2.4777708053588867], [689.958251953125, 226.36940002441406, -12.414579391479492, 2.4547269344329834], [639.318359375, 284.528564453125, -11.716558456420898, 2.5294554233551025], [649.7384643554688, 231.48001098632812, -5.683393478393555, 3.1382999420166016], [671.864501953125, 345.46527099609375, -5.154685020446777, 1.8279231786727905], [668.19873046875, 444.89434814453125, -3.3347299098968506, 2.8819358348846436], [0.0, 0.0, -3.3347299098968506, 0.0], [678.4983520507812, 226.62477111816406, 4.783188343048096, 2.4233319759368896], [670.6387939453125, 293.4364929199219, 8.242425918579102, 0.7432604432106018], [649.3443603515625, 289.41326904296875, 7.894655227661133, 0.3540506660938263], [663.005615234375, 325.49908447265625, 6.633022308349609, 1.758443832397461], [645.1079711914062, 418.0144348144531, 9.877620697021484, 2.44123911857605], [644.3333740234375, 479.7202453613281, 12.724386215209961, 2.032588005065918]], [[553.2592163085938, 219.29774475097656, -4.900710105895996, 3.638735771179199], [554.3309936523438, 181.35385131835938, -11.980550765991211, 3.999201536178589], [542.7601928710938, 309.89886474609375, 0.0, 2.501650810241699], [561.3461303710938, 230.3982696533203, -14.397989273071289, 3.4050345420837402], [586.22802734375, 277.63262939453125, -16.147716522216797, 3.9706170558929443], [573.4752807617188, 314.4796447753906, -12.195131301879883, 3.707087993621826], [550.8140258789062, 313.6615905761719, -4.953288555145264, 2.6831305027008057], [550.9952392578125, 382.6346740722656, -3.8229756355285645, 3.318836212158203], [554.4511108398438, 443.8020935058594, -1.1018002033233643, 3.636993646621704], [545.8935546875, 229.48397827148438, 5.7503862380981445, 2.9848835468292236], [548.8654174804688, 266.3857116699219, 13.287991523742676, 1.3278590440750122], [527.3598022460938, 297.8733825683594, 13.346891403198242, 0.7165502905845642], [535.1077270507812, 305.50311279296875, 5.858990669250488, 2.179826259613037], [532.8855590820312, 374.353271484375, 4.8229594230651855, 3.2240703105926514], [535.5130615234375, 430.7373962402344, 3.277987480163574, 3.5700480937957764]], [[132.0301055908203, 183.217529296875, -7.26131534576416, 4.066802978515625], [141.98703002929688, 146.92428588867188, -11.616373062133789, 3.849365711212158], [136.88311767578125, 264.75836181640625, 0.0, 2.998782157897949], [145.25979614257812, 190.96868896484375, 3.159639358520508, 3.2012016773223877], [147.0001678466797, 230.09645080566406, 13.323799133300781, 2.4652504920959473], [157.3309783935547, 261.2279968261719, 15.168258666992188, 1.5886071920394897], [149.4841766357422, 260.962158203125, 2.2509679794311523, 2.692357063293457], [149.4483642578125, 325.2362976074219, 4.768551826477051, 3.416098117828369], [141.08767700195312, 370.67572021484375, 7.1942830085754395, 2.550760269165039], [117.89873504638672, 193.23252868652344, -15.85818099975586, 3.2947044372558594], [102.09528350830078, 240.77279663085938, -16.754749298095703, 3.218099594116211], [107.58880615234375, 281.1130065917969, -13.526103973388672, 3.3830406665802], [123.62013244628906, 266.9034729003906, -2.206027030944824, 2.7919259071350098], [128.6051483154297, 330.78955078125, 0.04923844337463379, 3.528326988220215], [123.86195373535156, 385.6572265625, 3.50746488571167, 2.686784029006958]], [[456.6505432128906, 210.0630645751953, -6.982774257659912, 3.870047092437744], [450.9386291503906, 171.05477905273438, -15.43105697631836, 3.718139410018921], [451.2569274902344, 286.3079833984375, 0.0, 3.050874710083008], [476.8378601074219, 217.8872833251953, -8.515564918518066, 4.0596771240234375], [490.61376953125, 258.3033752441406, -8.145060539245605, 4.012734413146973], [481.4365539550781, 286.1129150390625, -13.463153839111328, 3.4178788661956787], [468.5265197753906, 287.1669006347656, -1.6858497858047485, 2.7994472980499268], [465.7616882324219, 347.2527770996094, -0.07726633548736572, 3.5190954208374023], [458.5077819824219, 399.1407165527344, 4.381804466247559, 3.3876543045043945], [437.3335266113281, 217.07093811035156, -7.623359203338623, 4.235123634338379], [409.99365234375, 236.9040069580078, -24.12827491760254, 3.9886531829833984], [421.77667236328125, 210.10255432128906, -32.222957611083984, 3.9954826831817627], [434.8570556640625, 285.3841247558594, 2.3455650806427, 3.092885732650757], [434.23748779296875, 345.6216125488281, 3.771190643310547, 3.742417573928833], [438.4245300292969, 394.68719482421875, 6.739655494689941, 3.9130947589874268]]], "root_3d": [[[120.39173126220703, 4.094512939453125, 289.6990051269531, 1.0], [116.38671112060547, -15.6793212890625, 362.79779052734375, 1.0], [85.84630584716797, -17.59616470336914, 521.3385620117188, 1.0], [-194.7744903564453, -46.04898452758789, 568.1017456054688, 1.0], [26.925491333007812, -30.68134880065918, 595.8578491210938, 1.0]], [[118.38248443603516, 52.7379264831543, 294.85333251953125, 1.0], [112.22462463378906, 34.772647857666016, 368.8714599609375, 1.0], [80.10781860351562, 34.06211853027344, 525.7935791015625, 1.0], [-193.78280639648438, 6.080679893493652, 577.6336669921875, 1.0], [25.53971290588379, 21.95475196838379, 602.69091796875, 1.0]]], "image_path": "00_03_00010600.jpg", "gt_3d": [], "gt_2d": []}}
