{"img_path": "/media/xuchengjun/D/dataset/panoptic-toolbox/171204_pose1_sample/hdImgs/00_08/00_08_00000000.jpg", "camera": {"id": 8, "K": [[1642.83, 0.0, 945.744], [0.0, 1638.62, 562.057], [0.0, 0.0, 1.0]], "D": [-0.223456, 0.19973, -0.00059139, 0.000744291, 0.0440214], "R": [[0.9530873392, 0.01760445664, -0.3021830685], [-0.03430843001, 0.9981568255, -0.05005879977], [0.3007448344, 0.05807783494, 0.9519346142]], "t": [[-14.22128553], [136.9822545], [280.6334927]]}, "bodyies": {"id": 0, "joint_2d": [[727.081657420886, 508.60922858655647], [597.3266675854616, 409.2075726433965], [760.0096010309808, 836.2386277716961], [748.2828225687209, 510.26277778713404], [787.2909308595199, 692.4583466510423], [738.6467653821915, 851.7460206656899], [788.720277770034, 845.6998446859055], [793.3982880103591, 1099.467388479078], [810.9866688279623, 1306.030751092186], [704.8826108076508, 502.6231352054824], [739.8709242734091, 650.0059445551733], [704.5714923519982, 790.8809732963707], [733.2680311301009, 827.3814495822096], [742.7013809563323, 1061.93975242131], [776.7130630798522, 1265.8519460874215], [609.5117041438605, 384.5971310844738], [675.7647585660047, 379.54747698567064], [603.7742859239358, 387.67342524671017], [654.3641521075594, 385.36685027918384]], "root_3d": [[-35.78419526998235, -8.765284414063274, 267.65959416192896], [-31.37823891119831, 46.433767123451915, 274.8830983589972]]}, "gt_3d": {"id": 0, "joint_3d": [[-35.78419526998235, -8.765284414063274, 267.65959416192896], [-55.493289089729046, -24.394035941979496, 258.49797333019427], [-31.37823891119831, 46.433767123451915, 274.8830983589972], [-30.278590476701122, -7.959418386609144, 250.98707429831546], [-24.16718272843862, 19.939757286725012, 249.60374734992473], [-32.05039504253185, 44.9419540026238, 251.45241074153455], [-25.600922491543322, 46.355469753445206, 265.3708039910765], [-25.650928133798637, 90.64903882113865, 269.4885889611576], [-23.395614358203048, 129.26261645024545, 272.89333645110696], [-41.89892242659863, -10.360241928205227, 284.2522267765064], [-37.31015674541591, 15.981365584275181, 296.3938974106491], [-44.13297498798674, 41.97939037043281, 297.7421935495386], [-37.155473869887786, 46.51195924458112, 284.39545507100235], [-36.453253064645814, 89.9352969649421, 287.87418076999603], [-30.981042956187537, 129.1676335919067, 289.0575949553182], [-53.07385139288037, -28.069760953414942, 256.19687381929964], [-42.361459330656125, -28.699149664538027, 255.4675559348208], [-55.1405532815551, -28.17612485647342, 261.64733560005214], [-48.29990781190165, -29.351399215122996, 269.66558002706057]]}}