{"img_path": "/media/xuchengjun/D/dataset/panoptic-toolbox/171204_pose1_sample/hdImgs/00_16/00_16_00000000.jpg", "camera": {"id": 16, "K": [[1427.61, 0.0, 949.637], [0.0, 1423.57, 546.802], [0.0, 0.0, 1.0]], "D": [-0.278776, 0.183731, -0.000309642, 0.00052928, -0.0401693], "R": [[0.7765383307, 0.006178419027, 0.6300397195], [0.2477685136, 0.9163974106, -0.3143669027], [-0.5793090579, 0.4002219547, 0.7100868978]], "t": [[6.46210901], [119.3370208], [327.740485]]}, "bodyies": {"id": 0, "joint_2d": [[905.9356473990573, 444.2816457522227], [819.2249445857369, 349.0026606158604], [935.2921971127419, 691.4675112758283], [846.0737919836267, 468.67743872773406], [851.9900628523952, 615.7284006686742], [837.8783793254981, 708.9798692791248], [911.8520148249685, 713.1548348904497], [919.5611454694767, 880.8526011565007], [930.1342921655975, 1012.0146465936], [958.9648571620115, 417.6757432247689], [1010.9668216635587, 533.1776972279727], [990.3469474546393, 627.9292377479105], [957.3672409091397, 671.0101944914237], [961.2960396479513, 832.2243487418649], [968.7493524744593, 972.5494438018845], [815.282368644488, 335.23391333261264], [838.4271976606876, 345.07769363205426], [834.2301351461906, 329.7590303383528], [885.9392458266836, 327.98526391464316]], "root_3d": [[-8.62870644620348, -20.29710322556255, 281.3701829279962], [-3.0553784686741503, 30.88446919210692, 303.00144305960976]]}, "gt_3d": {"id": 0, "joint_3d": [[-8.62870644620348, -20.29710322556255, 281.3701829279962], [-26.29008625588552, -39.979009240898705, 285.53429010337055], [-3.0553784686741503, 30.88446919210692, 303.00144305960976], [-19.542609551078648, -14.782527377863943, 268.7444079002873], [-18.786732870453868, 13.29856793059399, 274.0836623449604], [-22.880473186575447, 33.294491887525, 290.6389258179727], [-7.804737377387705, 34.450137196800924, 293.58885248769843], [-6.703295947133024, 74.56270942823124, 312.7890423311298], [-4.633309582633445, 110.36152147054106, 327.6835827985313], [1.9247279616343915, -26.737007916063305, 294.1138827261817], [13.199611413670038, -2.940475834748767, 307.1123167323236], [9.219977225132919, 18.42761642730784, 322.98156967047595], [1.6940826776193498, 27.31872174984713, 312.41396408189564], [2.7216298656799003, 66.99982858991913, 330.3732182963675], [4.676352871239668, 104.86724826952222, 341.89534372925044], [-26.686941562390274, -42.132933257690866, 281.077518930927], [-21.37220684004909, -38.8679667654219, 272.3152722409067], [-23.27393789662697, -43.883566016328814, 285.468053582149], [-12.767161090407043, -43.96680843916991, 284.0297713428112]]}}