{"img_path": "/media/xuchengjun/D/dataset/panoptic-toolbox/171204_pose1_sample/hdImgs/00_07/00_07_00000000.jpg", "camera": {"id": 7, "K": [[1395.68, 0.0, 948.764], [0.0, 1392.29, 549.252], [0.0, 0.0, 1.0]], "D": [-0.28638, 0.182108, -6.11347e-05, 0.000142161, -0.0479038], "R": [[-0.9362843506, -0.0374169171, 0.3492443116], [0.1901986888, 0.7819066069, 0.5936720618], [-0.295289813, 0.6222716709, -0.724970271]], "t": [[-7.70812848], [110.9551941], [361.5141052]]}, "bodyies": {"id": 0, "joint_2d": [[1032.42533417722, 516.3071588283533], [1132.3880121900731, 424.54301021670864], [999.5554492527438, 727.7444026760596], [998.0687445046817, 467.2528452553508], [964.0867395001118, 562.7410534518893], [995.2447299022181, 646.99878380332], [970.8583799383365, 696.2079328252917], [965.8999656861143, 828.3936927634154], [953.495681646125, 924.8889882791607], [1073.4569749942693, 566.6654202244664], [1045.694206644944, 708.4995200907788], [1069.76239549115, 794.9926152338346], [1029.3828986937785, 760.4539726633357], [1015.7414253323797, 886.8910066774544], [985.9993849204225, 975.905974480994], [1120.4548923540524, 402.62235637358265], [1066.1938840561133, 398.0569948233905], [1135.086032361567, 418.66505999483775], [1106.3842323080953, 439.2089904740692]], "root_3d": [[16.501444778608327, -6.513889255505177, 274.9662153619447], [11.200178930610065, 39.45884769402275, 306.2221074861543]]}, "gt_3d": {"id": 0, "joint_3d": [[16.501444778608327, -6.513889255505177, 274.9662153619447], [36.090775237478915, -24.571127941064816, 272.35167658135487], [11.200178930610065, 39.45884769402275, 306.2221074861543], [10.173510145216518, -16.961090451445827, 287.6053313605994], [3.370019884599798, 2.9739623428645245, 306.94268101418163], [10.76411966601519, 22.69225888258191, 322.66491060512203], [4.969720165789483, 33.13912201622078, 312.93848378350754], [4.214368101815608, 68.85221528933405, 339.4504306440484], [1.2512837532388579, 99.89806925899532, 362.58184230258996], [23.451649929750165, 3.2831796948694745, 261.8909974641869], [18.862665527403962, 31.066550654369053, 270.22062788006235], [25.15092092136363, 51.208431882062236, 286.9247743323906], [17.43056177845976, 45.778537947915424, 299.5056104338418], [15.912708085379634, 80.4290220637478, 325.872653799771], [9.615140977678756, 110.50239818539663, 350.9017266315747], [33.64623440358457, -28.80539185658492, 271.4828145128324], [22.928092889948132, -29.5932204759076, 271.05369099178336], [35.97781386973194, -25.27733609102026, 267.46950374657126], [29.564244641471518, -20.69080953750418, 260.3774061806704]]}}