{"img_path": "/media/xuchengjun/D/dataset/panoptic-toolbox/171204_pose1_sample/hdImgs/00_29/00_29_00000000.jpg", "camera": {"id": 29, "K": [[1400.52, 0.0, 939.607], [0.0, 1397.25, 572.609], [0.0, 0.0, 1.0]], "D": [-0.286595, 0.187806, -0.000331838, 0.000772163, -0.05129], "R": [[0.4750716708, -0.07261056368, -0.8769461863], [-0.08536359825, 0.9880862282, -0.1280572594], [0.8757967594, 0.1356956581, 0.4632134763]], "t": [[-17.69455899], [158.7588581], [289.3073174]]}, "bodyies": {"id": 0, "joint_2d": [[842.613276501319, 657.236460830929], [791.2129760381365, 579.4078979273548], [826.5945712882171, 930.6097319230158], [927.8749192724557, 672.4151642886097], [950.8942123405623, 822.6673381070485], [906.4927469952491, 958.560372843228], [881.4884504996588, 937.898731050338], [860.3327455106978, 1135.4261776990365], [852.9123593789124, 1284.5494411974992], [760.8641047290971, 638.9455591997837], [738.9946940706197, 761.0654870710138], [705.128036398668, 889.7143009339882], [773.039477290816, 923.1853385212978], [762.4458444395063, 1113.854645713643], [777.9762562661767, 1263.625317104971], [812.0654609664915, 558.2492420722513], [863.8023579716544, 553.7714653045839], [782.0962859078011, 555.1673269568695], [785.1975540057267, 544.1240369811205]], "root_3d": [[-17.572189001920297, 15.366953805412749, 253.05303455821178], [-21.92100749512708, 69.56054827537818, 265.8072044888274]]}, "gt_3d": {"id": 0, "joint_3d": [[-17.572189001920297, 15.366953805412749, 253.05303455821178], [-24.614736407653055, 1.131180861259537, 231.50339779748327], [-21.92100749512708, 69.56054827537818, 265.8072044888274], [-2.0572010218064385, 17.533840473517245, 245.08285432664277], [2.0326110569450186, 45.280714741298254, 250.65163397602612], [-6.024690838127558, 70.20546444378844, 248.52815294330583], [-11.156157304288659, 70.19451997642156, 263.0534180262946], [-16.04628414924916, 113.92326385072283, 269.59272476991026], [-18.533366708088217, 152.00304336284202, 276.7643309664362], [-33.432591690689094, 12.437040367146295, 260.47681179979674], [-39.77911445338841, 37.45186224234007, 274.48886225119054], [-46.77300425749425, 63.38639650254133, 272.83010306200623], [-32.68583799558951, 68.92646410706178, 268.5610834900094], [-36.55306485913356, 111.82743124570324, 275.09809197909163], [-35.21664102292867, 150.64230638254864, 282.9810628041888], [-21.11436196278607, -2.381985567993212, 231.24897202917006], [-12.90293124177171, -3.2135066283807703, 238.14566374907128], [-26.384659434185792, -2.9272325981032736, 233.68141397859216], [-27.012359210877094, -4.9933431941148285, 244.06433861236775]]}}