{"img_path": "/media/xuchengjun/D/dataset/panoptic-toolbox/171204_pose1_sample/hdImgs/00_11/00_11_00000000.jpg", "camera": {"id": 11, "K": [[1494.03, 0.0, 934.225], [0.0, 1490.4, 547.2], [0.0, 0.0, 1.0]], "D": [-0.262456, 0.195852, -0.000218069, 0.000249353, -0.0304978], "R": [[0.8037058409, 0.04109099086, -0.5936063104], [-0.2903675558, 0.8978494377, -0.3309880204], [0.5193684663, 0.4383810188, 0.733538328]], "t": [[2.697258627], [105.5994944], [330.2257948]]}, "bodyies": {"id": 0, "joint_2d": [[819.2983458816573, 426.51780991656375], [708.519336161561, 367.39864893137644], [852.9116148843706, 686.7036489109094], [877.7895611801109, 454.68125244948874], [923.6735940425824, 605.9639940805782], [884.8436138651495, 736.7170530798563], [896.410468053364, 702.5161511623251], [902.0617561444046, 883.9558586014573], [916.715108741857, 1016.2578354637174], [763.1768092469048, 397.6724934062479], [783.7115068094874, 507.11291169386305], [760.0227290400574, 629.9488803320784], [811.4922845110145, 671.5668743935779], [826.9856731014462, 845.3347322071997], [862.5433622995993, 980.5368386663893], [723.9921827654845, 346.597058746661], [790.1915337131875, 335.16076750693526], [704.9836918029885, 340.01949761314563], [735.7986783009081, 317.3127261166425]], "root_3d": [[-19.829111754043375, -20.871314151342602, 256.9228382552753], [-15.597003060449762, 26.823140373462778, 285.6605315890924]]}, "gt_3d": {"id": 0, "joint_3d": [[-19.829111754043375, -20.871314151342602, 256.9228382552753], [-36.20975405706386, -28.91181115457971, 237.3354311919032], [-15.597003060449762, 26.823140373462778, 285.6605315890924], [-9.23395960964707, -15.173963250131536, 244.10812145995803], [-1.8038881919721383, 10.070390221740354, 255.29487960339688], [-8.776589139465738, 33.761610849505544, 264.2826457281047], [-7.081212752444747, 29.152984171211898, 278.88407211943854], [-6.538680464902562, 68.58953832320617, 299.4593672433586], [-3.8313385372145135, 102.6637953161658, 317.8795310013932], [-31.008968890130223, -27.17077824032171, 269.19381137735445], [-29.42791348854023, -7.855878538959061, 291.2571777546203], [-35.19378921045589, 16.75883765270771, 300.48412025409874], [-24.11274085122219, 24.493164514493515, 292.4370284990241], [-22.690957391254674, 63.22952249797251, 312.32808194084953], [-16.200398498150737, 98.13510453051347, 329.9347505019073], [-33.34074722893625, -31.886849465860536, 234.5826800310761], [-22.998788331179338, -33.93599495901995, 236.71065261762269], [-37.05012623990645, -33.561500038443654, 238.7571448366661], [-33.20256807306724, -38.555228855374054, 247.28515237679335]]}}