{"img_path": "/media/xuchengjun/D/dataset/panoptic-toolbox/171204_pose1_sample/hdImgs/00_26/00_26_00000000.jpg", "camera": {"id": 26, "K": [[1617.41, 0.0, 951.038], [0.0, 1613.16, 553.431], [0.0, 0.0, 1.0]], "D": [-0.224662, 0.176138, -0.000628558, 0.000388511, 0.0578384], "R": [[-0.7607638942, -0.0461381259, -0.6473867241], [0.1349428629, 0.9644279312, -0.2273085773], [0.6348454308, -0.2602883764, -0.7274759378]], "t": [[-9.898558773], [141.8470555], [243.4171826]]}, "bodyies": {"id": 0, "joint_2d": [[1015.6654533130321, 538.3540039675136], [1128.7599764349648, 425.2464601885727], [969.6166652996288, 874.2322404582073], [1077.1350324512389, 561.7419595882585], [1067.4295647179292, 725.4467317912734], [1090.1569664739209, 866.8156153088865], [999.2571693378554, 876.3232891272093], [982.591103843983, 1150.6601957883945], [960.3173005580959, 1397.2072123046667], [950.244466613367, 506.9285474232472], [868.8573157540025, 669.36369724223], [884.1536062274408, 836.7387290004335], [937.6183376609912, 871.921205328594], [918.5904828249506, 1161.642687906894], [895.6511781645341, 1424.5454368603882], [1129.7471965866932, 410.45577451385356], [1094.0463864853075, 425.5522950101962], [1111.0450302272097, 400.54640316358154], [1045.881083123936, 397.48537875768295]], "root_3d": [[10.718618060467241, -2.506900816011438, 268.1657892885614], [2.9461363416651327, 51.08184773859837, 254.51436771403036]]}, "gt_3d": {"id": 0, "joint_3d": [[10.718618060467241, -2.506900816011438, 268.1657892885614], [28.74157568945155, -20.783206922464444, 260.56373804138207], [2.9461363416651327, 51.08184773859837, 254.51436771403036], [21.94331701417952, 1.4512047056013273, 281.0992171730728], [20.22288921892654, 29.97190401620412, 279.9871288876846], [23.147225670920015, 52.29836269902077, 266.43537873102224], [7.9456988903391785, 53.38336138516924, 264.1877677823013], [5.033055509142049, 95.81754743484524, 251.15951858785624], [1.4317297533286109, 133.3249484394413, 241.78335489533706], [-0.1251933187860672, -7.350904031025806, 254.967432483668], [-12.523380740911108, 17.713491154387327, 245.9998093233326], [-9.724739125539019, 41.292463396629856, 233.3323029744255], [-2.0535235650547072, 48.78024205117757, 244.8410280601026], [-4.8341197743170365, 90.60856433501544, 232.97339793308817], [-8.25039715658545, 129.67119276692122, 227.23215254956642], [29.36361629453078, -23.552373809953934, 264.6385966058909], [24.293728275943387, -21.779695006882037, 273.9572458518171], [25.83757237920541, -24.75123248636902, 260.1530803838889], [15.398203183256749, -25.38522024592882, 261.9096606573049]]}}