{"img_path": "/media/xuchengjun/D/dataset/panoptic-toolbox/171204_pose1_sample/hdImgs/00_10/00_10_00000000.jpg", "camera": {"id": 10, "K": [[1394.5, 0.0, 946.166], [0.0, 1390.91, 562.502], [0.0, 0.0, 1.0]], "D": [-0.287016, 0.182978, 1.91352e-06, 0.000618877, -0.0471994], "R": [[0.9553888921, 0.04750442987, 0.2915053928], [0.146618891, 0.780495645, -0.6077248135], [-0.2563883104, 0.6233537337, 0.7387118227]], "t": [[22.79854327], [114.6959367], [357.6721805]]}, "bodyies": {"id": 0, "joint_2d": [[934.2619440475883, 544.7588493723381], [822.1150036610063, 467.63155350957084], [970.5458838463336, 737.3384830855557], [907.1635116005251, 601.0247932546407], [930.8301332902388, 727.2462596977905], [906.1535171763956, 793.7474543742331], [968.2570091663111, 772.4513095931267], [975.7509175323814, 892.1983667825384], [988.0985639827875, 982.4603607702776], [956.2243987718242, 489.7212797627393], [1004.001959010821, 570.9532512834853], [979.8044978375017, 646.9032481777579], [972.7060030321363, 704.0400549323584], [980.6402383537627, 825.3346832186793], [997.6395477187643, 929.5278641920704], [823.496554620986, 460.50995978039225], [866.300446186262, 476.8401127708205], [832.8712214773965, 444.27486547839067], [886.3788636628105, 431.53126867221465]], "root_3d": [[-2.325103875280771, -3.4744832777482486, 272.3482072322648], [5.404892871770311, 38.88274042693568, 307.9099775071405]]}, "gt_3d": {"id": 0, "joint_3d": [[-2.325103875280771, -3.4744832777482486, 272.3482072322648], [-23.75263530346756, -18.21058426364388, 265.996060003617], [5.404892871770311, 38.88274042693568, 307.9099775071405], [-7.255216919240141, 7.184232761114302, 259.27075409512094], [-3.0074401756772993, 32.364569553298494, 272.1367532043863], [-8.44739459468731, 48.91576559834641, 291.81255658650883], [4.76245366197147, 45.4197990070565, 298.92546880544813], [7.060523562125887, 79.02088073828477, 327.986870965184], [10.85163169593554, 109.17862052094621, 352.14934917503194], [2.058128901851095, -14.934261293585877, 285.1821463385883], [12.728751216992398, 1.8648311568946525, 306.7757920425977], [7.87788491453264, 19.81932974943966, 326.22755598369935], [6.047434530231083, 32.34559415014695, 316.8944277831015], [8.60206689970223, 65.81277110268655, 344.6721675309198], [13.780943170953211, 98.63919855937951, 366.26213489339847], [-23.06690249139179, -19.226419314992626, 261.18383164800275], [-14.66118072115972, -15.764613526125402, 255.43551705692866], [-21.674878777331873, -22.67448630236194, 265.67417769570636], [-11.491905775117171, -25.235424465141875, 267.1630029096381]]}}