{"img_path": "/media/xuchengjun/D/dataset/panoptic-toolbox/171204_pose1_sample/hdImgs/00_06/00_06_00000000.jpg", "camera": {"id": 6, "K": [[1396.52, 0.0, 950.555], [0.0, 1392.76, 548.142], [0.0, 0.0, 1.0]], "D": [-0.283627, 0.174346, -0.000171369, 0.00113904, -0.0408114], "R": [[0.9395452426, -0.04896102665, -0.3389064102], [-0.2254201519, 0.6565800569, -0.7197835675], [0.2577605325, 0.752665561, 0.6058498668]], "t": [[-7.899241259], [86.20156461], [375.5705475]]}, "bodyies": {"id": 0, "joint_2d": [[846.501532810641, 512.3203528191757], [734.5151493056658, 483.13600525835716], [864.3184065441642, 669.6230798439962], [876.2535609673351, 580.5388434245165], [904.2513396885563, 684.0577044645494], [861.552472829928, 751.7303926055667], [891.2517021391005, 703.6778992828533], [885.0266625485683, 802.4772993165585], [889.4176846055595, 872.698409065227], [816.1886556499389, 446.89177457133076], [839.3709212052455, 501.6632108885086], [808.7390259317526, 579.2874331270731], [838.4870861049441, 636.8374818601535], [840.8040289328405, 739.5168863132579], [860.5289621318146, 821.6211742736998], [746.7026313970628, 476.817387522655], [808.7706805528211, 477.90633482003227], [736.8385651854459, 455.0821024891602], [777.934461918408, 420.78647035960023]], "root_3d": [[-19.4930951351237, -6.727926025764788, 261.0920842908682], [-18.950600354529257, 26.7626174416488, 305.7755930182859]]}, "gt_3d": {"id": 0, "joint_3d": [[-19.4930951351237, -6.727926025764788, 261.0920842908682], [-37.74799557032435, -11.385633139734736, 242.07351640983813], [-18.950600354529257, 26.7626174416488, 305.7755930182859], [-13.340393647500907, 5.832092226897771, 250.44669896722525], [-8.977315606141719, 26.413160531315924, 269.81187592794265], [-18.519963575094575, 42.45946262315824, 288.30853757760406], [-12.77743881234366, 33.58987618808329, 299.5187668088959], [-15.844918821169069, 61.6127666852005, 333.93078634702255], [-16.219051724331074, 86.20707059305391, 363.975209501234], [-26.19906376958074, -19.791180398273426, 271.07359743385973], [-23.834366542327267, -9.989033531567799, 298.654085941078], [-32.362190039830146, 7.126252427017462, 317.59106713915116], [-25.12367660234434, 19.935241703850735, 312.0323939711677], [-27.357942724883348, 47.817249849922035, 345.43572586643273], [-24.469169168496755, 74.4778102365239, 374.6143361284849], [-35.00130082708796, -12.276120685111763, 238.0334183907274], [-24.249193135924628, -12.042466231824989, 237.88862815623003], [-37.28882671918997, -16.27612423184732, 241.6051547357656], [-30.73715250205092, -22.7323522826006, 246.88347153709228]]}}