{"img_path": "/media/xuchengjun/D/dataset/panoptic-toolbox/171204_pose1_sample/hdImgs/00_20/00_20_00000000.jpg", "camera": {"id": 20, "K": [[1404.07, 0.0, 941.049], [0.0, 1400.1, 553.42], [0.0, 0.0, 1.0]], "D": [-0.290676, 0.200278, -4.67165e-05, 0.000224525, -0.0625048], "R": [[-0.6196167278, 0.04227157509, -0.7837654143], [-0.1385357948, 0.9769823286, 0.1622139423], [0.7725819984, 0.2090900368, -0.5994984673]], "t": [[30.58302522], [136.1402243], [304.2642059]]}, "bodyies": {"id": 0, "joint_2d": [[1132.3090888035993, 530.9118444368306], [1225.7891610449744, 451.3368063137192], [1108.0480327723267, 808.0118625122162], [1194.6343375082129, 516.6811803152345], [1193.421529109898, 646.1420985223294], [1211.8972862128062, 774.5107076512936], [1136.707870627528, 787.3295843092224], [1131.2071131161965, 982.7660968383602], [1121.5601878991636, 1129.6655371622733], [1065.3586890721815, 542.6394233471859], [1005.6974753442532, 691.7675461915378], [1026.5138250934965, 837.6361482725486], [1077.4983247806906, 829.9093288709715], [1075.1568416527657, 1027.589282610533], [1070.8976153318351, 1169.8489116566095], [1228.1224663804112, 427.45203968836256], [1199.7930805843994, 418.51737346783614], [1207.7517523482443, 431.9976393749426], [1147.3311541034127, 428.039210545165]], "root_3d": [[35.29324164356602, -4.165109475691509, 257.70399336138183], [32.68852249937559, 49.98051798118934, 271.1201485474027]]}, "gt_3d": {"id": 0, "joint_3d": [[35.29324164356602, -4.165109475691509, 257.70399336138183], [49.16515699434328, -17.67674591534373, 239.22029256728183], [32.68852249937559, 49.98051798118934, 271.1201485474027], [48.937904282223315, -7.109977254110618, 268.3850493970937], [50.93212761634622, 18.76698504538571, 280.3864158493528], [54.56276704160179, 44.66952461338701, 277.8272490858022], [39.4875877099852, 47.345502467208604, 279.52827944158616], [40.22409360433517, 91.09676005940332, 287.5385186537832], [40.226762579342434, 128.8295252139787, 296.6996075332596], [21.85684251649843, -1.9008242848730958, 246.32043390814746], [11.65051943496336, 25.004372824170517, 252.17693116854713], [15.474469564061028, 51.61611132052681, 250.96911349828758], [25.889359749319116, 52.61542843191542, 262.7120500224768], [26.865311572676273, 95.28940930248214, 271.4390070941061], [27.86187619290746, 132.71988322546952, 284.41931026745306], [50.07372445017846, -22.03532977776976, 241.41959790669955], [46.9062602991907, -24.525881156290154, 251.3919448278272], [45.72342658957783, -20.876233254370874, 237.7153426005802], [35.731393940541224, -21.78021533514385, 241.15191704337198]]}}