{"img_path": "/media/xuchengjun/D/dataset/panoptic-toolbox/171204_pose1_sample/hdImgs/00_22/00_22_00000000.jpg", "camera": {"id": 22, "K": [[1514.21, 0.0, 947.037], [0.0, 1510.2, 560.969], [0.0, 0.0, 1.0]], "D": [-0.259085, 0.203404, -0.000221448, 0.000849531, -0.0304789], "R": [[-0.9268447946, -0.03010232155, 0.374235991], [0.07952577999, 0.9584221954, 0.2740484368], [-0.3669255742, 0.2837617762, -0.8859147122]], "t": [[4.145954428], [112.1309872], [314.7604202]]}, "bodyies": {"id": 0, "joint_2d": [[1093.593576628393, 401.91835133453765], [1191.183057402332, 311.3128491071418], [1063.1165040897322, 689.7511820416805], [1051.3305975000485, 385.365658336284], [1015.0526631754267, 518.5040355242073], [1050.0560164280487, 635.7404008545959], [1027.2456323258107, 669.8771000678286], [1021.7806287744222, 872.0173975567936], [1006.3952141366215, 1030.9442937399042], [1144.230353277035, 416.0164658900075], [1123.1788852380587, 581.1967236335599], [1153.3425433994514, 719.0478114802305], [1100.9725483700577, 710.697334200856], [1087.4237135829687, 915.8185930827738], [1051.166690102374, 1076.2836235238242], [1177.1952385649322, 290.00124855490844], [1121.4783578129511, 285.22639445518746], [1194.3748811125015, 294.5778755280395], [1168.2717313168773, 295.2176501671692]], "root_3d": [[27.13602199756917, -29.531660350231746, 279.00042439335897], [22.35319544281521, 24.869675576577777, 290.6685851004953]]}, "gt_3d": {"id": 0, "joint_3d": [[27.13602199756917, -29.531660350231746, 279.00042439335897], [46.356988253992554, -47.53930736041157, 283.78797649286986], [22.35319544281521, 24.869675576577777, 290.6685851004953], [20.370303601159428, -34.395985435498616, 294.47612853956576], [13.69876081863308, -8.575673410593467, 304.7925671281639], [21.273638631840114, 15.483312009041782, 312.172193134761], [15.874031407876014, 21.614473497323758, 299.11200576164873], [15.483637866838935, 64.66110599766111, 310.32422844544953], [12.837323879741477, 102.1473212533633, 320.0949915170897], [34.51637272045738, -25.44244680041858, 263.3780689216203], [30.41392850054475, 3.503090767163826, 260.6062412036255], [36.876795679954995, 28.338459145871383, 268.7119101643522], [28.832284772946743, 28.124800728127752, 282.2250639340184], [27.658300844696686, 70.14307539034816, 293.68225649349586], [21.626012491850155, 107.48648805715169, 305.4976201079862], [43.83295197180301, -51.75483687685566, 284.50786803277157], [33.1083305509142, -52.489326849939445, 284.1523426647156], [46.30812822472309, -50.01956415104824, 279.5226464046017], [40.11551925589809, -48.32729330936435, 271.0813338585325]]}}