{"img_path": "/media/xuchengjun/D/dataset/panoptic-toolbox/171204_pose1_sample/hdImgs/00_12/00_12_00000000.jpg", "camera": {"id": 12, "K": [[1395.89, 0.0, 965.513], [0.0, 1392.26, 563.395], [0.0, 0.0, 1.0]], "D": [-0.289702, 0.190666, -0.000173313, 0.000635228, -0.0545154], "R": [[-0.996452231, 0.04282114989, -0.07245205587], [0.005240162438, 0.8907794291, 0.4544057101], [0.08399697599, 0.4524139231, -0.8878435393]], "t": [[23.14408375], [96.40042732], [337.0042749]]}, "bodyies": {"id": 0, "joint_2d": [[1152.2058939789233, 390.1259899125728], [1261.8524754784019, 305.446285434523], [1127.292698724075, 645.220974463314], [1146.8932366621355, 360.77530044419393], [1124.170122819102, 476.1999864807323], [1158.831653922684, 583.9316421999501], [1113.6189182143894, 617.9372856733669], [1113.1477375409465, 788.7525389245418], [1103.2430279030107, 916.2419674537239], [1161.4004078535165, 419.4183219035825], [1122.889354663774, 573.8739705128382], [1157.9735439284975, 697.9497861418811], [1141.8087064256763, 674.2562751019275], [1136.3212358219546, 845.2743441397398], [1113.7362454543022, 967.6473169241951], [1251.7234121216902, 282.68933313897094], [1198.1714350918207, 275.0117228747472], [1257.0553693055865, 291.85527771373603], [1212.4283972543385, 297.18994312019254]], "root_3d": [[36.14388008118509, -33.636307329258074, 267.74332519331904], [33.86094288762122, 17.17352585106528, 290.80142148522447]]}, "gt_3d": {"id": 0, "joint_3d": [[36.14388008118509, -33.636307329258074, 267.74332519331904], [56.51099794313414, -49.3266798643817, 260.28448684814396], [33.86094288762122, 17.17352585106528, 290.80142148522447], [37.209598778477826, -41.68117938971915, 283.33429373250726], [34.297927090543446, -18.899557139661923, 300.3679884854551], [42.943289458631284, 4.575314243814418, 308.4215936617959], [31.981752656976916, 11.810064789404208, 300.3706006116295], [34.088444300745955, 52.184193223540824, 318.9278234017858], [33.861500199088155, 87.02291760554355, 336.07130328999654], [35.60853903665124, -26.242723413818254, 251.60958534132976], [29.030654121696312, 1.9387723859236559, 256.5987683453572], [36.956403740509494, 25.909442915865895, 265.9183976989983], [35.74002629284521, 22.536916535028098, 281.23217000338315], [37.31325620195889, 61.759000303867964, 300.1354500791009], [34.967270589591394, 95.67919868188051, 320.4932074010059], [54.814508792921835, -53.91087688796529, 261.16013192360305], [45.09984249128494, -56.05988619503657, 265.2455200411528], [54.726149937086504, -51.113711901156734, 256.04562663475593], [45.35383252084096, -49.03375967198298, 251.53991815302066]]}}