{"model_pattern": "MIX", "3d_pairs": {"num": 4, "pred_2d": [[[137.68968200683594, 87.19659423828125, -2.164170742034912, 1.965910792350769], [157.9341278076172, 26.52239990234375, -4.1966657638549805, 0.9258416295051575], [137.58128356933594, 241.1145782470703, 0.0, 1.7103078365325928], [89.96742248535156, 104.866455078125, -0.023462295532226562, 1.808501958847046], [62.22257614135742, 190.90467834472656, 1.4142651557922363, 1.2156296968460083], [74.82563781738281, 249.0006103515625, 2.7817978858947754, 1.0922223329544067], [106.14435577392578, 237.58660888671875, 0.7336573004722595, 1.4974898099899292], [130.99855041503906, 347.6586608886719, 10.566414833068848, 2.236746072769165], [131.84835815429688, 446.1691589355469, 9.450623512268066, 1.7351256608963013], [185.43626403808594, 106.0787353515625, -4.647161483764648, 1.8569165468215942], [217.54283142089844, 198.93441772460938, -7.730365753173828, 1.148069143295288], [245.069091796875, 261.935791015625, -5.953855991363525, 1.1484613418579102], [176.42445373535156, 244.85342407226562, -0.323857843875885, 1.1036756038665771], [166.63150024414062, 393.1141662597656, 1.5849387645721436, 2.0611631870269775], [149.46983337402344, 478.060546875, -0.6539785861968994, 1.3790878057479858]], [[662.5722045898438, 75.67936706542969, -4.1387434005737305, 2.023089647293091], [646.3729858398438, 24.068557739257812, -5.863412857055664, 1.0097092390060425], [660.6014404296875, 198.22293090820312, 0.0, 1.8427799940109253], [648.511474609375, 86.85684204101562, -8.58504867553711, 1.3809247016906738], [605.4578247070312, 155.04803466796875, -8.720544815063477, 3.1168220043182373], [570.5452270507812, 187.55982971191406, -8.3992919921875, 2.7186667919158936], [637.9131469726562, 201.3347930908203, -3.258857250213623, 1.57937753200531], [589.7477416992188, 298.4558410644531, 0.12579131126403809, 3.006493330001831], [606.77099609375, 393.4497375488281, -1.9569129943847656, 2.659769058227539], [681.6715087890625, 89.7386703491211, 1.7268009185791016, 1.7457594871520996], [685.30859375, 157.9129180908203, 8.590129852294922, 1.1124697923660278], [661.62451171875, 185.5312042236328, 10.267762184143066, 0.5426889657974243], [680.400634765625, 197.6259307861328, 2.1396443843841553, 1.407795786857605], [661.6846313476562, 297.8609619140625, 4.0765275955200195, 2.83042311668396], [666.7532348632812, 385.18487548828125, -0.13515520095825195, 2.6634538173675537]], [[541.7872314453125, 94.8819351196289, -8.505191802978516, 3.0045621395111084], [542.6769409179688, 40.2404899597168, -15.38191032409668, 2.7281808853149414], [537.616943359375, 190.59109497070312, 0.0, 2.7558376789093018], [569.4697875976562, 102.08615112304688, -12.080375671386719, 2.5264766216278076], [0.0, 0.0, -12.080375671386719, 0.0], [0.0, 0.0, -12.080375671386719, 0.0], [561.5401000976562, 193.60366821289062, -3.322847843170166, 2.362039566040039], [555.3584594726562, 274.5116271972656, 5.219128131866455, 3.1282362937927246], [555.1124877929688, 331.2516174316406, 11.657061576843262, 2.920717477798462], [514.9747314453125, 101.93482971191406, -3.683108329772949, 2.882000207901001], [487.269287109375, 154.89859008789062, 3.1668739318847656, 3.2579116821289062], [456.4343566894531, 185.32554626464844, 0.08700919151306152, 3.1337993144989014], [513.69873046875, 187.13153076171875, 3.249898910522461, 2.491313934326172], [509.08599853515625, 272.8574523925781, 9.522141456604004, 2.6001639366149902], [521.1851806640625, 321.7474670410156, 18.48623275756836, 2.638951063156128]], [[297.32476806640625, 106.4801254272461, -12.17684268951416, 2.9360737800598145], [313.45745849609375, 66.109375, -17.730274200439453, 2.5531880855560303], [289.3119201660156, 186.9742431640625, 0.0, 2.625682830810547], [325.4765319824219, 115.22550964355469, -7.471223831176758, 3.2198541164398193], [350.4821472167969, 165.62913513183594, -1.6488347053527832, 2.049717664718628], [357.1854248046875, 192.91090393066406, -4.237771987915039, 0.6322023272514343], [311.08416748046875, 186.84426879882812, -0.6834059953689575, 2.7724313735961914], [314.6528625488281, 262.80059814453125, 5.0128021240234375, 3.0436477661132812], [318.11279296875, 313.1335754394531, 13.69892692565918, 2.529221773147583], [268.8350524902344, 107.80365753173828, -12.498547554016113, 2.5141520500183105], [244.9664306640625, 149.62063598632812, 1.563262939453125, 2.7859740257263184], [244.5469970703125, 193.94244384765625, 2.6330721378326416, 1.390917181968689], [265.2634582519531, 186.55931091308594, 1.0431196689605713, 2.677107810974121], [263.1664123535156, 269.8670959472656, 4.491649150848389, 2.8488364219665527], [259.13592529296875, 322.8164978027344, 12.09320068359375, 2.680284023284912]]], "root_3d": [[[-26.803129196166992, -27.93678855895996, 149.2935028076172, 1.0], [191.06654357910156, -40.320396423339844, 194.7347412109375, 1.0], [158.7178497314453, -37.55950927734375, 223.38931274414062, 1.0], [42.21356201171875, -38.127830505371094, 253.97140502929688, 1.0]], [[-27.128339767456055, 21.556703567504883, 148.5322723388672, 1.0], [191.82676696777344, 10.633718490600586, 201.4462890625, 1.0], [163.0167236328125, 8.647082328796387, 237.84654235839844, 1.0], [39.79449462890625, 7.7552642822265625, 271.45989990234375, 1.0]]], "image_path": "img_000572.png", "gt_3d": [], "gt_2d": []}}
