{"model_pattern": "MIX", "3d_pairs": {"num": 4, "pred_2d": [[[186.15713500976562, 73.19892883300781, -2.9121267795562744, 2.1413354873657227], [205.57611083984375, 11.531574249267578, -4.504817008972168, 0.5933040976524353], [192.961669921875, 233.6323699951172, 0.0, 1.730294108390808], [153.5916748046875, 85.68289184570312, -0.41874003410339355, 2.0155677795410156], [130.01986694335938, 177.9148712158203, 2.097579002380371, 1.6576893329620361], [135.63876342773438, 248.75872802734375, 3.4902760982513428, 1.246546745300293], [166.74215698242188, 225.86134338378906, 0.9669041633605957, 1.3448169231414795], [184.7245330810547, 358.5158996582031, 9.82765007019043, 1.9674166440963745], [182.7623748779297, 469.474853515625, 8.547911643981934, 1.4657318592071533], [225.8408203125, 86.42626953125, -4.842961311340332, 2.108424186706543], [250.91146850585938, 185.3694305419922, -7.1725873947143555, 1.5788863897323608], [276.8470153808594, 261.2987976074219, -6.798363208770752, 1.7597311735153198], [221.3715057373047, 238.0790252685547, -0.4251731038093567, 1.1509381532669067], [213.10671997070312, 405.3836669921875, -0.2419625222682953, 2.321596145629883], [198.49661254882812, 500.5403137207031, -5.23038911819458, 2.1303255558013916]], [[617.3126831054688, 57.50131607055664, -4.001201629638672, 2.2785990238189697], [0.0, 0.0, -4.001201629638672, 0.0], [612.5279541015625, 185.4822540283203, 0.0, 2.1562516689300537], [603.3135375976562, 67.22356414794922, -9.372818946838379, 1.5426691770553589], [570.7218627929688, 146.39761352539062, -9.618456840515137, 3.72170090675354], [541.2681274414062, 183.50802612304688, -10.374292373657227, 2.685901165008545], [600.999755859375, 190.5377655029297, -5.321895599365234, 1.5692349672317505], [555.5953369140625, 305.03997802734375, -2.8933093547821045, 2.6229114532470703], [571.1135864257812, 405.4424133300781, -7.510398864746094, 2.282346487045288], [626.1722412109375, 72.64727783203125, 2.9235763549804688, 1.7181576490402222], [633.4228515625, 145.43878173828125, 7.950397491455078, 0.9439326524734497], [616.9862670898438, 181.03001403808594, 9.548338890075684, 1.0311150550842285], [621.5850830078125, 178.72438049316406, 4.193918228149414, 1.7258316278457642], [613.8218383789062, 301.9933776855469, 5.03160285949707, 2.88155460357666], [620.5781860351562, 396.2008972167969, -0.054296016693115234, 3.0584025382995605]], [[520.4814453125, 75.55812072753906, -9.454702377319336, 3.0623950958251953], [520.304931640625, 21.131927490234375, -15.168346405029297, 2.9603404998779297], [517.60205078125, 180.93896484375, 0.0, 2.974769353866577], [541.6544799804688, 85.6030502319336, -13.72860050201416, 2.460256338119507], [0.0, 0.0, -13.72860050201416, 0.0], [0.0, 0.0, -13.72860050201416, 0.0], [537.8314208984375, 182.90228271484375, -2.970571994781494, 2.9082369804382324], [529.866943359375, 276.8686828613281, 2.954465389251709, 2.903266429901123], [530.484619140625, 341.1611022949219, 9.170059204101562, 2.5977542400360107], [495.77734375, 85.1412582397461, -3.555415153503418, 2.8751413822174072], [474.07293701171875, 142.7699737548828, 2.5322227478027344, 3.3065528869628906], [449.9854736328125, 177.80471801757812, -2.5736145973205566, 3.2908735275268555], [494.6761169433594, 177.05062866210938, 3.9220714569091797, 2.4512243270874023], [490.56719970703125, 270.22039794921875, 7.301260948181152, 3.2323145866394043], [501.51031494140625, 328.4345703125, 13.582418441772461, 3.0051660537719727]], [[318.82427978515625, 89.34162902832031, -8.955739974975586, 2.7693068981170654], [331.0733642578125, 49.443172454833984, -15.001642227172852, 2.5375657081604004], [311.51531982421875, 181.08448791503906, 0.0, 2.888097047805786], [342.4017639160156, 99.24854278564453, -5.478932857513428, 3.440805435180664], [361.9876403808594, 149.5879364013672, -2.9006595611572266, 2.835947275161743], [362.76446533203125, 182.31939697265625, -9.94488525390625, 1.9581376314163208], [333.6903991699219, 181.08685302734375, -1.5342073440551758, 2.8116743564605713], [333.42877197265625, 263.277587890625, 3.9790663719177246, 3.0407400131225586], [336.5447082519531, 317.07391357421875, 11.565315246582031, 2.5183284282684326], [294.3518371582031, 91.32963562011719, -10.784968376159668, 2.8865246772766113], [274.2023620605469, 138.36085510253906, -0.5381326675415039, 2.7609899044036865], [274.164794921875, 183.0181884765625, -0.9387414455413818, 1.2188235521316528], [290.8542785644531, 180.90130615234375, 0.6060774922370911, 2.812711715698242], [291.0602111816406, 269.7083435058594, 1.4250903129577637, 2.6680638790130615], [287.04986572265625, 329.39605712890625, 6.319324493408203, 2.4902777671813965]]], "root_3d": [[[-71.76306915283203, -59.76996612548828, 220.4436798095703, 1.0], [86.83567810058594, -82.1539306640625, 292.4007568359375, 1.0], [52.77321243286133, -88.43280792236328, 334.6553649902344, 1.0], [-51.69896697998047, -90.25382995605469, 364.3699951171875, 1.0]], [[-72.70159149169922, -7.290955066680908, 221.94857788085938, 1.0], [85.00686645507812, -30.501976013183594, 294.5218505859375, 1.0], [51.83430862426758, -38.29386520385742, 347.3782653808594, 1.0], [-58.08195877075195, -41.64476776123047, 378.50933837890625, 1.0]]], "image_path": "img_000572.png", "gt_3d": [], "gt_2d": []}}
