{"model_pattern": "MIX", "3d_pairs": {"num": 4, "pred_2d": [[[452.9650573730469, 157.4009246826172, -7.984180450439453, 2.9239885807037354], [457.8455505371094, 105.05831909179688, -10.770024299621582, 3.1042098999023438], [453.44873046875, 258.45721435546875, 0.0, 2.4750120639801025], [422.0041198730469, 166.63539123535156, -4.331701278686523, 2.960326910018921], [389.3304138183594, 218.56153869628906, 0.8848199844360352, 3.2536799907684326], [422.74078369140625, 245.19525146484375, 6.838844299316406, 2.610642194747925], [426.739990234375, 255.5206756591797, -0.007024759892374277, 2.4401283264160156], [433.7935485839844, 345.7702941894531, 4.450588226318359, 3.056453227996826], [436.8408203125, 414.9770202636719, -1.6577653884887695, 2.880683660507202], [482.0957946777344, 165.91995239257812, -11.967141151428223, 2.849510431289673], [514.92919921875, 222.25534057617188, -15.57448959350586, 2.815108060836792], [542.0909423828125, 251.28636169433594, -8.381423950195312, 3.3471038341522217], [477.9622802734375, 261.0150146484375, -0.2379993498325348, 2.2301084995269775], [488.376953125, 345.2364807128906, 8.057806015014648, 3.1734955310821533], [478.79107666015625, 420.8499755859375, 0.6263523101806641, 2.7434825897216797]], [[741.1542358398438, 155.46888732910156, -4.839304447174072, 2.688384771347046], [693.4215698242188, 123.76548767089844, -2.703890562057495, 2.2137484550476074], [767.2083129882812, 266.71331787109375, 0.0, 1.8273743391036987], [717.9097290039062, 170.47735595703125, -9.565957069396973, 2.834444999694824], [717.903076171875, 232.84521484375, -14.895699501037598, 3.2256081104278564], [714.6058959960938, 283.35589599609375, -13.391802787780762, 3.5226540565490723], [749.7648315429688, 273.4926452636719, -1.702606201171875, 1.816102147102356], [750.9224243164062, 358.02838134765625, 0.6924748420715332, 2.7530577182769775], [758.388671875, 425.6504211425781, -1.0724093914031982, 2.8658478260040283], [772.7218627929688, 162.55548095703125, -0.5587348937988281, 2.359489679336548], [823.5850219726562, 212.13426208496094, -2.0052874088287354, 2.2999017238616943], [0.0, 0.0, -2.0052874088287354, 0.0], [788.81689453125, 261.61932373046875, 1.0916610956192017, 1.5815141201019287], [766.6605834960938, 335.5436096191406, 6.5792083740234375, 2.358530282974243], [772.9841918945312, 406.1850891113281, 4.908629894256592, 1.619065284729004]], [[362.0816345214844, 154.41152954101562, -2.9625401496887207, 2.427239418029785], [369.63922119140625, 106.64649200439453, -6.736874103546143, 2.0686864852905273], [365.36431884765625, 245.82826232910156, 0.0, 2.511237859725952], [375.2769775390625, 166.1622314453125, 1.5434422492980957, 2.281181573867798], [0.0, 0.0, 1.5434422492980957, 0.0], [0.0, 0.0, 1.5434422492980957, 0.0], [378.1429138183594, 241.95777893066406, 1.5709294080734253, 2.233384609222412], [404.50457763671875, 311.143798828125, 1.019660472869873, 3.0377755165100098], [390.9609680175781, 373.4709777832031, 0.20641136169433594, 2.7247185707092285], [343.46636962890625, 162.3775634765625, -8.021730422973633, 2.2179362773895264], [357.6097106933594, 201.6450653076172, -10.426816940307617, 1.0306872129440308], [388.0431213378906, 166.54786682128906, -10.076422691345215, 0.43779945373535156], [352.5806579589844, 249.45526123046875, -1.6512393951416016, 2.28593373298645], [351.07720947265625, 320.97808837890625, 2.9649386405944824, 2.929281711578369], [342.8829040527344, 379.2045593261719, 7.267364978790283, 3.6052794456481934]], [[609.1679077148438, 166.77259826660156, -3.181570291519165, 2.0420522689819336], [606.8666381835938, 135.1651153564453, -4.83248233795166, 0.7688160538673401], [612.5198364257812, 240.6697998046875, 0.0, 1.6237386465072632], [633.29296875, 176.99105834960938, -2.519979953765869, 2.29571795463562], [647.1737670898438, 212.68653869628906, 0.48612499237060547, 2.7484917640686035], [653.0266723632812, 245.4174041748047, 0.5252333283424377, 3.963776111602783], [630.9830932617188, 238.51954650878906, -0.3164515495300293, 1.6966972351074219], [641.9879760742188, 301.7555847167969, -1.3238537311553955, 2.490513563156128], [634.163818359375, 347.7328186035156, 2.030696392059326, 2.821493148803711], [582.9058837890625, 178.0293731689453, -2.9243388175964355, 1.6654996871948242], [562.8988647460938, 213.59786987304688, -2.4685630798339844, 0.819938063621521], [0.0, 0.0, -2.4685630798339844, 0.0], [589.5609741210938, 242.12306213378906, -0.22740308940410614, 1.5365474224090576], [593.97265625, 302.21697998046875, 1.5914748907089233, 1.6458942890167236], [598.2681274414062, 346.06085205078125, 3.1638870239257812, 1.6144553422927856]]], "root_3d": [[[113.19491577148438, -8.420677185058594, 221.29100036621094, 1.0], [275.8475036621094, 0.5314140319824219, 240.9333038330078, 1.0], [78.82424926757812, -9.610084533691406, 257.91455078125, 1.0], [274.418701171875, -4.568866729736328, 326.3443908691406, 1.0]], [[115.44363403320312, 41.89935302734375, 229.6237030029297, 1.0], [288.42877197265625, 48.798362731933594, 243.69351196289062, 1.0], [82.9269027709961, 41.322509765625, 266.11639404296875, 1.0], [279.03997802734375, 47.446022033691406, 329.0889892578125, 1.0]]], "image_path": "img_000572.png", "gt_3d": [], "gt_2d": []}}
