{"model_pattern": "MIX", "3d_pairs": {"num": 4, "pred_2d": [[[681.32568359375, 147.11105346679688, -5.881072521209717, 3.201746702194214], [639.8824462890625, 113.2641830444336, -3.845416784286499, 2.6372604370117188], [701.3130493164062, 265.3787841796875, 0.0, 2.2164411544799805], [662.476806640625, 164.1058349609375, -11.062179565429688, 2.79121732711792], [662.0386962890625, 227.10116577148438, -18.816905975341797, 3.104947328567505], [658.49658203125, 283.2969055175781, -16.767457962036133, 3.4084370136260986], [686.4677124023438, 266.9986877441406, -2.319427728652954, 1.8682397603988647], [687.5883178710938, 365.5011901855469, -1.2719690799713135, 2.9012999534606934], [693.7166748046875, 439.1407775878906, -4.6075663566589355, 2.7632853984832764], [708.7237548828125, 152.92103576660156, -1.1492395401000977, 2.616204023361206], [750.1439208984375, 208.91314697265625, -3.796558380126953, 3.2413418292999268], [765.0438232421875, 246.70639038085938, -1.1616463661193848, 2.0882043838500977], [717.2109985351562, 258.00811767578125, 1.8030099868774414, 1.7918527126312256], [698.7525634765625, 345.9632568359375, 6.905714988708496, 2.3995018005371094], [702.89111328125, 420.33673095703125, 4.742212295532227, 1.9218270778656006]], [[443.40899658203125, 145.59121704101562, -5.017495155334473, 3.235915184020996], [446.3153076171875, 91.1103744506836, -10.391420364379883, 2.9184834957122803], [443.2578125, 254.63442993164062, 0.0, 2.439572811126709], [421.7276611328125, 157.24777221679688, 0.26482582092285156, 2.8756842613220215], [393.42828369140625, 215.89122009277344, 5.804994583129883, 3.5486745834350586], [421.68560791015625, 246.03289794921875, 11.27242374420166, 2.921774387359619], [423.6363220214844, 253.58924865722656, 1.4149757623672485, 2.426025152206421], [429.6687316894531, 350.2900085449219, 3.8158950805664062, 2.8565025329589844], [431.3071594238281, 429.45819091796875, -5.570038795471191, 3.0346648693084717], [470.12579345703125, 154.38870239257812, -9.988697052001953, 2.9206764698028564], [494.76318359375, 214.95449829101562, -12.51398754119873, 3.1213459968566895], [518.1666870117188, 250.96923828125, -7.092408180236816, 3.628419876098633], [465.630859375, 258.1161804199219, -0.9598739743232727, 2.1039435863494873], [473.7867431640625, 350.39501953125, 4.732473373413086, 3.190764904022217], [469.0694885253906, 430.859619140625, -6.728170394897461, 2.58365797996521]], [[372.869140625, 139.20948791503906, -1.9422481060028076, 2.716825246810913], [377.42254638671875, 94.34830474853516, -7.399574279785156, 2.68351674079895], [374.9664611816406, 245.25135803222656, 0.0, 2.7109198570251465], [377.9466247558594, 150.72531127929688, 4.134579658508301, 2.3713924884796143], [0.0, 0.0, 4.134579658508301, 0.0], [0.0, 0.0, 4.134579658508301, 0.0], [385.91339111328125, 241.984130859375, 1.7688955068588257, 2.1400208473205566], [405.3614196777344, 317.1755065917969, -0.25004327297210693, 3.366856813430786], [393.9879455566406, 382.3261413574219, -1.9064334630966187, 3.2414515018463135], [362.1173400878906, 149.36802673339844, -9.040328979492188, 2.9613964557647705], [362.5171203613281, 199.0449676513672, -12.677846908569336, 1.472105860710144], [392.6506042480469, 157.7642364501953, -12.449346542358398, 0.7370267510414124], [363.4944763183594, 246.95285034179688, -1.7244430780410767, 2.4402952194213867], [362.6719665527344, 325.8301086425781, -0.5224714279174805, 3.4265072345733643], [357.3177795410156, 389.98663330078125, 0.796212911605835, 3.415931463241577]], [[570.6007690429688, 161.78335571289062, -2.634944200515747, 1.7855976819992065], [569.5404663085938, 130.94219970703125, -3.525502920150757, 0.3920300602912903], [572.693603515625, 237.5523681640625, 0.0, 2.2333076000213623], [590.3926391601562, 168.4735107421875, -1.6367769241333008, 2.202572822570801], [605.2310180664062, 206.81883239746094, 1.945904016494751, 2.381863832473755], [609.3306274414062, 243.06150817871094, 1.680298924446106, 2.843022346496582], [590.4053344726562, 234.94874572753906, -1.2521687746047974, 2.16329288482666], [600.9696044921875, 306.60546875, -4.277788162231445, 2.780315637588501], [593.3478393554688, 359.02655029296875, 0.5238733291625977, 2.927516222000122], [549.5473022460938, 167.4235382080078, -1.9246102571487427, 1.406746506690979], [0.0, 0.0, -1.9246102571487427, 0.0], [0.0, 0.0, -1.9246102571487427, 0.0], [553.4247436523438, 238.32205200195312, 0.19985786080360413, 2.0194027423858643], [565.2630615234375, 309.9352111816406, 1.7890937328338623, 1.7097699642181396], [565.6888427734375, 354.5802917480469, 4.446476936340332, 1.4302842617034912]]], "root_3d": [[[130.31430053710938, -46.146202087402344, 329.4334411621094, 1.0], [14.146438598632812, -53.103755950927734, 334.7854309082031, 1.0], [-24.036645889282227, -57.4337043762207, 382.8239440917969, 1.0], [102.3716049194336, -61.354698181152344, 448.3529357910156, 1.0]], [[141.52037048339844, 4.652044296264648, 337.7420959472656, 1.0], [13.681777000427246, -0.6854269504547119, 341.7743225097656, 1.0], [-23.4769287109375, -6.149720668792725, 389.5741882324219, 1.0], [104.28939056396484, -12.278047561645508, 453.1862487792969, 1.0]]], "image_path": "img_000572.png", "gt_3d": [], "gt_2d": []}}
