{"model_pattern": "MIX", "3d_pairs": {"num": 3, "pred_2d": [[[324.6084289550781, 107.90140533447266, -9.262661933898926, 2.5574564933776855], [331.30609130859375, 35.71563720703125, -11.651411056518555, 1.8165702819824219], [334.82391357421875, 241.5917205810547, 0.0, 1.7893584966659546], [289.0367126464844, 122.28773498535156, -9.206011772155762, 2.0999057292938232], [270.4736633300781, 213.81800842285156, -5.110515594482422, 2.0114355087280273], [282.8783264160156, 269.1842956542969, -0.08568382263183594, 2.1860291957855225], [309.76397705078125, 241.73057556152344, 0.5938043594360352, 1.824754238128662], [311.1174621582031, 346.6430358886719, 8.932828903198242, 3.3498013019561768], [311.0523376464844, 434.1654357910156, 1.3556666374206543, 2.7167673110961914], [361.2203369140625, 117.05409240722656, -8.999926567077637, 2.4929275512695312], [400.614013671875, 181.79574584960938, -2.8427114486694336, 2.262887954711914], [377.3492126464844, 149.8833770751953, -1.147210717201233, 0.7897489666938782], [362.3315124511719, 238.01351928710938, -0.4986327290534973, 1.9905447959899902], [360.8424987792969, 358.1833190917969, 0.03674989938735962, 3.043189525604248], [353.9789733886719, 452.35675048828125, -11.180684089660645, 2.559317111968994]], [[460.7257995605469, 113.72550201416016, -10.182035446166992, 3.3713576793670654], [455.3963928222656, 57.22346115112305, -17.751018524169922, 3.477060317993164], [461.81134033203125, 217.91714477539062, 0.0, 2.9084293842315674], [456.6799621582031, 125.77510070800781, -17.13534164428711, 2.479428768157959], [457.81634521484375, 197.47154235839844, -21.4169979095459, 2.7327792644500732], [433.18682861328125, 231.12974548339844, -14.549667358398438, 2.45114803314209], [454.1567077636719, 228.36965942382812, -6.362624168395996, 2.350964307785034], [458.4184265136719, 328.6297912597656, -2.136531352996826, 3.098466634750366], [475.25384521484375, 397.0080871582031, -1.594630241394043, 3.1521289348602295], [470.0242614746094, 122.80549621582031, 0.2190084457397461, 2.8778128623962402], [470.2718505859375, 177.0405731201172, 11.992002487182617, 1.4907928705215454], [425.81439208984375, 209.97190856933594, 12.757087707519531, 1.3068640232086182], [472.5960388183594, 212.50111389160156, 6.0876264572143555, 2.301922559738159], [469.84326171875, 309.2312316894531, 11.757287979125977, 2.4735960960388184], [502.197265625, 382.1153564453125, 7.658438682556152, 2.965761184692383]], [[144.8563995361328, 115.57527923583984, -6.608015537261963, 3.085658073425293], [154.48162841796875, 69.5077896118164, -11.637836456298828, 3.113271474838257], [150.61778259277344, 217.93870544433594, 0.0, 2.495270252227783], [147.26731872558594, 125.7753677368164, 1.6795001029968262, 2.6053242683410645], [146.49795532226562, 176.6786651611328, 7.1428117752075195, 1.7581989765167236], [162.7018280029297, 206.01559448242188, 9.119257926940918, 1.0876951217651367], [160.46031188964844, 213.18942260742188, 2.4574992656707764, 2.128648281097412], [192.26837158203125, 285.36517333984375, 6.2180914878845215, 2.8591463565826416], [185.86778259277344, 344.988525390625, 8.740530967712402, 1.9101516008377075], [134.55413818359375, 127.96372985839844, -13.02366828918457, 2.3052315711975098], [121.48896026611328, 185.62088012695312, -17.086071014404297, 3.117494821548462], [134.63168334960938, 237.90493774414062, -14.75387954711914, 3.1914567947387695], [145.13250732421875, 225.5328826904297, -1.689310073852539, 2.5103843212127686], [146.2254180908203, 306.5005798339844, 3.139883041381836, 3.188053607940674], [137.64224243164062, 363.3255615234375, 8.059038162231445, 1.5535210371017456]]], "root_3d": [[[-35.07462692260742, -54.37936782836914, 252.1937255859375, 1.0], [25.256423950195312, -68.44825744628906, 322.6081237792969, 1.0], [-151.49102783203125, -71.99723815917969, 373.1751708984375, 1.0]], [[-31.57619285583496, -5.604583263397217, 264.8619689941406, 1.0], [22.645687103271484, -18.825292587280273, 336.58917236328125, 1.0], [-150.48654174804688, -21.5828800201416, 386.1124267578125, 1.0]]], "image_path": "img_000572.png", "gt_3d": [], "gt_2d": []}}
