{"model_pattern": "MIX", "3d_pairs": {"num": 3, "pred_2d": [[[304.9342956542969, 123.01074981689453, -7.968656063079834, 2.2540595531463623], [314.3766174316406, 57.15586853027344, -10.216346740722656, 1.258528470993042], [320.6295471191406, 246.28590393066406, 0.0, 1.7919570207595825], [258.35650634765625, 137.88819885253906, -8.362939834594727, 2.015073537826538], [238.3551025390625, 230.26675415039062, -6.0408735275268555, 1.1468678712844849], [257.76678466796875, 269.0752258300781, -1.8234004974365234, 1.5398950576782227], [290.53607177734375, 249.53863525390625, -0.007746592164039612, 1.8787527084350586], [286.8062744140625, 341.1322021484375, 11.715986251831055, 2.6193184852600098], [289.78997802734375, 421.12762451171875, 6.613405227661133, 2.889723777770996], [350.1781921386719, 131.09620666503906, -8.585479736328125, 2.1054165363311768], [396.8319091796875, 186.63858032226562, -3.201415538787842, 2.082711696624756], [374.08843994140625, 149.98484802246094, -1.4614593982696533, 0.9214893579483032], [352.4425048828125, 245.1008758544922, 0.016546957194805145, 1.8114045858383179], [350.131103515625, 349.0797119140625, 2.038620948791504, 2.9048404693603516], [339.3616943359375, 433.781005859375, -6.537109375, 2.8084208965301514]], [[473.5057678222656, 129.57850646972656, -9.381050109863281, 3.557919979095459], [462.0041198730469, 73.86817169189453, -14.629050254821777, 3.12260365486145], [473.9119567871094, 225.92955017089844, 0.0, 2.995215892791748], [461.8383483886719, 138.95298767089844, -17.172725677490234, 2.468590497970581], [468.5534973144531, 202.69912719726562, -22.084617614746094, 2.3594818115234375], [461.6363525390625, 211.3620147705078, -18.757726669311523, 0.20586536824703217], [458.3981018066406, 230.77392578125, -5.779036998748779, 2.6313157081604004], [471.3358459472656, 325.2833251953125, 0.1507124900817871, 2.2681498527526855], [493.7083435058594, 385.28997802734375, 2.2922515869140625, 2.580284595489502], [489.1448059082031, 138.15402221679688, -0.19128704071044922, 2.958136558532715], [494.29949951171875, 190.73301696777344, 12.641470909118652, 1.9863348007202148], [474.06365966796875, 214.07681274414062, 14.514484405517578, 0.7331308722496033], [489.7309875488281, 218.91375732421875, 4.582760810852051, 2.5708343982696533], [482.61114501953125, 301.98699951171875, 13.310970306396484, 2.570477247238159], [521.9620971679688, 370.1515808105469, 9.262165069580078, 2.423753499984741]], [[83.87751770019531, 130.5279083251953, -8.285354614257812, 3.3782637119293213], [97.14293670654297, 85.03861236572266, -13.950708389282227, 3.045106887817383], [97.19676971435547, 225.87396240234375, 0.0, 2.67563533782959], [93.72472381591797, 138.64706420898438, 0.9571475982666016, 2.606976270675659], [86.83426666259766, 186.8415985107422, 8.057770729064941, 1.5510098934173584], [112.73548889160156, 214.16265869140625, 9.669551849365234, 1.0846229791641235], [106.63212585449219, 218.9313507080078, 1.9986425638198853, 2.4599177837371826], [141.86814880371094, 281.9742736816406, 5.867185592651367, 3.188796043395996], [131.10096740722656, 345.1520080566406, 7.4072465896606445, 1.9384105205535889], [70.66487121582031, 138.55548095703125, -14.803836822509766, 2.536719799041748], [57.49531555175781, 194.66534423828125, -19.25994300842285, 2.9354653358459473], [73.83789825439453, 241.46075439453125, -16.007789611816406, 3.406339168548584], [85.41606140136719, 230.728759765625, -1.4025754928588867, 2.6431024074554443], [84.08615112304688, 306.2261657714844, 4.819858074188232, 3.0667295455932617], [74.70025634765625, 362.8952331542969, 8.127866744995117, 1.1430002450942993]]], "root_3d": [[[31.68439483642578, -18.707002639770508, 169.73049926757812, 1.0], [124.99346160888672, -20.74477195739746, 222.88238525390625, 1.0], [-75.93991088867188, -17.403247833251953, 264.7206115722656, 1.0]], [[38.38608169555664, 27.958101272583008, 178.91453552246094, 1.0], [128.1548614501953, 26.335424423217773, 234.22080993652344, 1.0], [-74.74200439453125, 31.061023712158203, 276.54339599609375, 1.0]]], "image_path": "img_000572.png", "gt_3d": [], "gt_2d": []}}
