{"model_pattern": "MIX", "3d_pairs": {"num": 4, "pred_2d": [[[163.12149047851562, 202.5273895263672, -10.942782402038574, 3.9356131553649902], [160.3090362548828, 160.5480194091797, -22.141033172607422, 3.3029377460479736], [182.81491088867188, 289.7512512207031, 0.0, 2.758687734603882], [181.0478057861328, 203.18661499023438, -2.557206153869629, 3.5172691345214844], [193.92591857910156, 249.27369689941406, 5.052384853363037, 2.1011595726013184], [211.13552856445312, 273.8565673828125, 4.466434955596924, 0.8857298493385315], [198.1749267578125, 281.10162353515625, 1.5602362155914307, 3.0310518741607666], [206.68385314941406, 346.38970947265625, 7.710869789123535, 3.1391546726226807], [206.13418579101562, 399.0824279785156, 13.823965072631836, 2.943089246749878], [148.0801544189453, 216.76263427734375, -17.98375129699707, 3.277137517929077], [177.97593688964844, 257.55157470703125, -24.25515365600586, 3.0462520122528076], [206.048095703125, 216.7538604736328, -20.667070388793945, 3.6333167552948], [169.21571350097656, 297.6695556640625, -1.7200170755386353, 2.8501124382019043], [181.86305236816406, 362.21502685546875, 8.695355415344238, 3.9267423152923584], [185.0727996826172, 410.9555969238281, 19.215900421142578, 3.205681085586548]], [[306.5508117675781, 182.44796752929688, -15.677714347839355, 3.793520927429199], [309.3277282714844, 142.71780395507812, -23.372142791748047, 3.1839704513549805], [307.45880126953125, 258.8240661621094, 0.0, 3.1416103839874268], [329.001220703125, 187.4120330810547, -13.263030052185059, 3.472731828689575], [357.1607971191406, 222.18161010742188, -2.3193416595458984, 3.4132590293884277], [333.9925842285156, 246.73147583007812, -4.4008989334106445, 2.944070339202881], [326.638916015625, 257.67767333984375, -0.7013218402862549, 3.272627115249634], [328.702392578125, 321.88470458984375, 8.153267860412598, 3.378596782684326], [331.2112121582031, 365.5767517089844, 16.8951416015625, 3.5160157680511475], [281.1522216796875, 187.2400360107422, -13.849061965942383, 3.6200785636901855], [270.4648742675781, 230.1751708984375, 0.686091423034668, 3.1057355403900146], [284.6873779296875, 245.89317321777344, -4.724030017852783, 1.7775287628173828], [289.1924743652344, 260.88372802734375, 1.208025574684143, 2.9122369289398193], [295.22161865234375, 325.9770202636719, 4.657447338104248, 3.5013985633850098], [301.13922119140625, 373.1511535644531, 11.676751136779785, 3.092113971710205]], [[458.16082763671875, 151.1521453857422, -11.91877269744873, 3.973707437515259], [461.61724853515625, 113.85167694091797, -16.604639053344727, 3.733617067337036], [456.7427978515625, 229.99925231933594, 0.0, 3.316662549972534], [480.8829040527344, 157.4846954345703, -12.275260925292969, 3.3839259147644043], [486.2445373535156, 201.77601623535156, -13.395670890808105, 3.58772873878479], [463.3216247558594, 171.48297119140625, -20.60585594177246, 2.9324660301208496], [474.0960388183594, 230.1613311767578, -0.8274389505386353, 3.34563946723938], [470.3702087402344, 294.2613525390625, 5.463378429412842, 3.7578277587890625], [466.2657165527344, 338.633056640625, 14.945306777954102, 3.142125368118286], [437.7936706542969, 158.04469299316406, -12.620613098144531, 3.7024781703948975], [422.42034912109375, 206.11181640625, -12.301790237426758, 3.3860673904418945], [460.6803283691406, 210.43234252929688, -19.285001754760742, 2.6070821285247803], [438.8131408691406, 229.6061248779297, 1.16348397731781, 3.2963409423828125], [438.48870849609375, 295.0432434082031, 7.0535478591918945, 3.6922709941864014], [435.1657409667969, 337.10223388671875, 17.368932723999023, 2.883664846420288]], [[586.813720703125, 166.89698791503906, -15.697561264038086, 4.117835521697998], [589.65625, 126.11630249023438, -27.483884811401367, 3.7195804119110107], [577.2886352539062, 245.9363250732422, 0.0, 2.999117851257324], [605.996826171875, 176.92787170410156, -15.144104957580566, 3.411168336868286], [638.5316162109375, 203.3477020263672, -3.3544235229492188, 3.6638081073760986], [610.0855712890625, 221.79238891601562, 1.0868091583251953, 3.558703899383545], [593.0992431640625, 248.60934448242188, -2.428783655166626, 2.847162961959839], [589.109375, 306.2041015625, -0.9739062786102295, 3.4483516216278076], [585.6685791015625, 346.78179931640625, 12.124655723571777, 4.162618637084961], [567.0645751953125, 169.0194549560547, -11.07078742980957, 3.466963768005371], [536.5944213867188, 189.4187469482422, 7.360755920410156, 3.2416434288024902], [554.5968017578125, 217.76394653320312, 0.26415014266967773, 3.485243082046509], [560.832275390625, 243.0004119873047, 1.8799365758895874, 2.776740789413452], [552.8853149414062, 297.8670654296875, 2.8245136737823486, 3.8408732414245605], [549.643798828125, 333.8189392089844, 14.95907974243164, 3.300769090652466]]], "root_3d": [[[-145.96957397460938, -28.69940185546875, 486.508056640625, 1.0], [-72.29963684082031, -47.19720458984375, 537.3960571289062, 1.0], [29.036596298217773, -68.08653259277344, 561.8406372070312, 1.0], [121.62354278564453, -56.80913543701172, 600.143310546875, 1.0]], [[-140.3677215576172, 20.316852569580078, 500.8293762207031, 1.0], [-72.03422546386719, 1.8742181062698364, 552.1634521484375, 1.0], [28.119112014770508, -17.94470977783203, 574.21435546875, 1.0], [119.12151336669922, -7.432641983032227, 614.4827880859375, 1.0]]], "image_path": "00_16_00010600.jpg", "gt_3d": [], "gt_2d": []}}
