{"img_path": "/media/xuchengjun/D/dataset/panoptic-toolbox/171204_pose1_sample/hdImgs/00_03/00_03_00000000.jpg", "camera": {"id": 3, "K": [[1396.46, 0.0, 949.692], [0.0, 1392.71, 565.723], [0.0, 0.0, 1.0]], "D": [-0.28687, 0.180305, -9.79588e-05, 8.91659e-05, -0.0446159], "R": [[-0.6086873278, -0.02835043215, 0.7929035187], [0.07675843763, 0.992569407, 0.0944145891], [-0.7896884697, 0.1183309992, -0.6019882851]], "t": [[-17.48376658], [117.0950552], [290.4932634]]}, "bodyies": {"id": 0, "joint_2d": [[948.1072373351084, 421.94900699300206], [1001.5474864807478, 347.33310472428707], [938.0082735919773, 690.7494524944516], [882.5440787726735, 419.11989951824694], [849.9440509450297, 547.6148426989703], [881.0831145237657, 658.2458366364818], [889.9508815572852, 682.5196313764526], [893.0053934521537, 883.0563091974329], [886.8757076371302, 1047.120649574541], [1020.9945445147536, 421.22402177513203], [1033.161494589342, 562.4224150418158], [1056.5117758248841, 689.538690466931], [987.5274073566953, 699.136231604697], [983.405023762132, 900.5754396014333], [956.3139165742871, 1070.1554049392037], [987.2658977970027, 329.86242730922345], [945.3035996149868, 325.0833921398755], [1009.8391687938146, 330.5998145447402], [1007.3019031933924, 325.1597630924049]], "root_3d": [[-0.32768031749962745, -29.782701815330185, 287.6263107510504], [-2.4238268498074174, 26.00494849555345, 288.9941548418426]]}, "gt_3d": {"id": 0, "joint_3d": [[-0.32768031749962745, -29.782701815330185, 287.6263107510504], [11.351682620259844, -47.93869516950609, 303.4564698309855], [-2.4238268498074174, 26.00494849555345, 288.9941548418426], [-14.386296077229533, -31.492784448870665, 298.03616008198736], [-21.501934639088223, -3.913771452849531, 300.5645254395308], [-15.159739120624286, 20.49873663237203, 307.94547648443745], [-12.581713592021579, 24.66385874464791, 293.33996602548234], [-12.279736264026289, 68.92069654509396, 297.8255018863731], [-14.007584901219346, 107.61345560075723, 300.57723929267263], [14.222186898129848, -28.900052373158033, 277.48868140718974], [16.13925674882522, -0.6398120647260157, 269.74007614491865], [21.27951893053219, 24.732458367571084, 277.0947781668319], [7.7340335748579285, 27.345950441945647, 284.6482287767246], [7.095684723422135, 70.6847054242736, 289.06702189627856], [1.4337313276166697, 109.80673504670892, 291.8832022479222], [8.228506071654092, -51.79566649837217, 303.28549467992326], [-0.94428013115337, -51.873775478598375, 297.66968924435554], [13.035927313875582, -51.09871651861722, 300.0616669356831], [12.051456142294015, -50.46167686020625, 289.5216033242799]]}}