{"img_path": "/media/xuchengjun/D/dataset/panoptic-toolbox/171204_pose1_sample/hdImgs/00_13/00_13_00000000.jpg", "camera": {"id": 13, "K": [[1590.88, 0.0, 938.94], [0.0, 1586.99, 561.619], [0.0, 0.0, 1.0]], "D": [-0.230444, 0.18826, 7.61987e-05, 0.000834121, 0.0175843], "R": [[-0.3026878063, 0.07389814052, -0.9502205832], [-0.7512802513, 0.5949933375, 0.2855887119], [0.5864793909, 0.8003261793, -0.1245790145]], "t": [[-13.78629705], [58.32974875], [381.7355695]]}, "bodyies": {"id": 0, "joint_2d": [[812.6201126449389, 474.7406646884084], [847.4866038809755, 502.6643806518761], [832.8755353536868, 649.5912227436619], [917.2207140263819, 443.0355797093406], [947.7713599014821, 521.2011672160496], [955.1816141006532, 638.7942788127657], [883.189201246661, 620.6842852655485], [897.3826040516813, 741.9271341631509], [908.445934885926, 819.1850823131574], [705.778555968041, 506.8504687363818], [677.6856878837223, 588.2374127131735], [703.8866593044548, 701.9292686916182], [781.9447613438047, 678.837656106094], [809.6513461051588, 789.7950768937044], [839.226756145704, 851.8130193732045], [859.4773180887858, 471.8976472951331], [865.9988706271718, 413.40190252905813], [821.0408102097292, 485.78238857708686], [767.3806081060819, 449.48161998554446]], "root_3d": [[-20.121358771724886, -13.87149636963543, 252.80739796336582], [-20.01167031251801, 16.63706551527052, 299.5807063257182]]}, "gt_3d": {"id": 0, "joint_3d": [[-20.121358771724886, -13.87149636963543, 252.80739796336582], [-13.09715982071646, -8.463167802863886, 227.54770356631659], [-20.01167031251801, 16.63706551527052, 299.5807063257182], [-3.4882049996835693, -19.085024888387856, 255.06379747403292], [1.5574868010756209, -7.146251288243683, 280.5517079525347], [3.0184239542089433, 14.380650183778087, 295.5560609544609], [-10.592829757489794, 11.249340422851162, 302.0556044146539], [-8.840673005812429, 38.43456222258975, 337.2233819506912], [-7.129929872725333, 60.29838125579871, 369.266070637119], [-36.77922708289918, -8.659753108990309, 249.551266786257], [-45.34578278971525, 4.630239172297834, 274.2969219823723], [-43.25772280783313, 25.88003920001627, 290.6783763848171], [-29.430586534964235, 22.02466740387947, 297.1057818689431], [-27.159594309328064, 48.035985659719444, 331.98320755174365], [-23.16552086653524, 67.5482911511214, 366.24454292550064], [-11.300363091921259, -12.789400045944312, 225.8999996544629], [-10.660795337509775, -21.711835832650372, 231.87197346115818], [-16.71725309744136, -10.778628320960202, 225.1226944793401], [-24.820758141384616, -16.261692195093524, 229.21380197154437]]}}