{"img_path": "/media/xuchengjun/D/dataset/panoptic-toolbox/171204_pose1_sample/hdImgs/00_00/00_00_00000000.jpg", "camera": {"id": 0, "K": [[1633.34, 0.0, 942.256], [0.0, 1628.84, 557.344], [0.0, 0.0, 1.0]], "D": [-0.220878, 0.189272, 7.79405e-05, 0.000739643, 0.0418043], "R": [[0.1201471256, 0.03330941579, -0.9921971332], [-0.09157840245, 0.9955474156, 0.02233247834], [0.9885231734, 0.08818064529, 0.1226625834]], "t": [[23.27031863], [126.5360495], [284.0106483]]}, "bodyies": {"id": 0, "joint_2d": [[1036.716039847468, 443.73783977927593], [1037.8209938801092, 330.4659035621661], [1030.6517558853532, 788.9091687478133], [1150.7333506466143, 440.0698719867847], [1183.5176170179525, 615.227840652998], [1168.5129962156775, 780.8586512083722], [1098.154675721426, 781.3617552793213], [1092.2636581739555, 1040.259948731665], [1092.1911392090162, 1244.88808807835], [922.2776182036501, 442.5678337752921], [879.5972229097604, 610.5797951307883], [866.2500461772037, 776.720082132023], [962.3547780244653, 796.3635633551339], [965.2248417444322, 1050.9098273672564], [989.195327182447, 1253.0783035018649], [1056.9705913715852, 303.9880141434187], [1086.6035063049494, 304.0292314289451], [1016.0235682511271, 306.5920165514582], [982.5836776040605, 307.7983928222601]], "root_3d": [[14.59937514941105, -17.609050921750892, 252.03204635049863], [14.229204182908425, 37.38985364674929, 261.70211484342065]]}, "gt_3d": {"id": 0, "joint_3d": [[14.59937514941105, -17.609050921750892, 252.03204635049863], [13.49462584065246, -32.13548937114187, 229.573113501683], [14.229204182908425, 37.38985364674929, 261.70211484342065], [32.059886786309235, -18.087069510295933, 250.07346155025203], [38.04783904788252, 9.154312873321814, 256.3725420312802], [35.07124583383313, 34.74828686914833, 251.19945578724355], [25.24248313215742, 36.37966759460774, 262.94889893483236], [24.97928984256993, 80.70042973879649, 266.75411727525096], [25.871399492013364, 119.15230239194503, 272.0780963178009], [-3.103637834490165, -17.874275893313026, 253.36704514424198], [-10.12977121957043, 8.629700260600544, 263.88036623110685], [-12.134365673536053, 35.108344257824854, 259.5066884678994], [3.2158942295450856, 38.399931879608175, 260.45542569276506], [3.77551530945917, 81.76368924060684, 264.6330179535447], [8.064643806559781, 120.47109537308707, 271.972083087467], [16.294684253054314, -36.0992316230918, 230.6257826501547], [21.350984062744644, -37.583071139559664, 240.00210554102472], [10.488273650031577, -35.76613166431649, 231.0316692459244], [5.965958574743187, -37.04650349380664, 240.53836469075975]]}}