{
	"calibDataSource": "xuchengjun_campus",
	"cameras": [
		{
			"name": "0",
			"type": "sd",
			"resolution": [720,576],
			"K": [
				[437.9852,0,185.3596],
				[0,437.9852,139.2537],
				[0,0,1]
			],
			"distCoef": [0.0,0.0,0.0,0.0,0.0],
			"R": [
				[0.9999, -0.0076, -0.0133],
				[-0.0141, -0.1138, -0.9934],
				[0.0061, 0.9935, -0.1138]
			],
			"t": [
				[-178.76],
				[136.11],
				[522.70]
			]
		},
		{
			"name": "1",
			"type": "sd",
			"resolution": [720,576],
			"K": [
				[430.033, 0.000000, 184.0583],
				[0.000000, 430.033, 130.7467],
				[0.000000, 0.000000, 1.000000]
			],
			"distCoef": [0.0,0.0,0.0,0.0,0.0],
			"R": [
				[-0.0463, -0.9988, 0.0150],
				[-0.1307, -0.0088, -0.9914],
				[0.9903,  -0.0479, -0.1301]
			],
			"t": [
				[492.29],
				[116.14],
				[668.49]
			]
		},
		{
			"name": "2",
			"type": "sd",
			"resolution": [720,576],
			"K": [
				[700.9857, 0.000000, 167.5948],
				[0.000000, 700.9857, 142.0545],
				[0.000000, 0.000000, 1.000000]
			],
			"distCoef": [0.0,0.0,0.0,0.0,0.0],
			"R": [
				[0.5387, 0.8425, -0.0066],
				[0.1078, -0.0767, -0.9912],
				[-0.8356, 0.5333, -0.1322]
			],
			"t": [
				[-490.13],
				[52.99],
				[1120.24]
			]
		}
	]
}
