{"model_pattern": "MIX", "3d_pairs": {"num": 5, "pred_2d": [[[470.18218994140625, 119.42884826660156, -2.305413246154785, 2.1002650260925293], [466.41864013671875, 66.77627563476562, 1.267591953277588, 1.0396020412445068], [462.5827331542969, 318.214111328125, 0.0, 0.25202399492263794], [401.6125793457031, 149.38632202148438, -2.681933879852295, 1.2914515733718872], [358.23480224609375, 250.06887817382812, -3.6133666038513184, 1.886001706123352], [362.86077880859375, 333.1996154785156, -3.2625279426574707, 0.7050510048866272], [430.70758056640625, 314.3470764160156, 0.04791569709777832, 0.29449206590652466], [437.5716247558594, 462.152099609375, 1.1352832317352295, 0.3139684796333313], [0.0, 0.0, 1.1352832317352295, 0.0], [498.68927001953125, 123.22679138183594, -3.4056432247161865, 0.2781352400779724], [0.0, 0.0, -3.4056432247161865, 0.0], [0.0, 0.0, -3.4056432247161865, 0.0], [0.0, 0.0, 0.0, 0.0], [0.0, 0.0, 0.0, 0.0], [0.0, 0.0, 0.0, 0.0]], [[217.74061584472656, 131.7392120361328, -4.952723026275635, 2.6416029930114746], [224.79588317871094, 73.43269348144531, -7.621746063232422, 1.50906503200531], [226.0027618408203, 262.9080810546875, 0.0, 2.377802848815918], [214.65623474121094, 145.7725067138672, -0.21747350692749023, 1.3027950525283813], [217.07516479492188, 206.5931396484375, 2.08121919631958, 0.5316591858863831], [238.5865478515625, 222.37252807617188, 3.150808334350586, 0.23970790207386017], [245.72996520996094, 251.40037536621094, 1.9935575723648071, 1.5042253732681274], [257.609130859375, 358.0359802246094, 2.3543269634246826, 0.42173224687576294], [215.2377471923828, 461.6756591796875, 2.310822010040283, 0.9630710482597351], [215.25267028808594, 148.3827667236328, -10.737308502197266, 1.8793522119522095], [254.0159912109375, 225.00413513183594, -17.12767219543457, 1.0931671857833862], [305.7308654785156, 257.8329162597656, -20.79463768005371, 1.1473292112350464], [214.75527954101562, 276.1734924316406, -3.4478492736816406, 1.4666383266448975], [218.39459228515625, 398.0700988769531, -2.093210220336914, 0.8827828764915466], [183.01412963867188, 478.411865234375, -2.429145097732544, 0.2721281349658966]], [[717.9761352539062, 145.30349731445312, -5.0354766845703125, 2.94478178024292], [702.5510864257812, 90.27273559570312, -13.090463638305664, 2.00825572013855], [722.3853759765625, 258.242431640625, 0.0, 2.214292526245117], [751.7321166992188, 150.46844482421875, -7.392266273498535, 2.752620220184326], [789.081787109375, 213.28587341308594, -14.970563888549805, 2.7897889614105225], [782.861328125, 265.3256530761719, -19.754072189331055, 3.633485794067383], [749.565673828125, 260.9006652832031, -2.7781999111175537, 2.65987491607666], [748.7050170898438, 358.33001708984375, -12.661589622497559, 3.315420389175415], [749.8952026367188, 428.04205322265625, -8.065217971801758, 3.0985612869262695], [686.5108642578125, 157.5260467529297, -2.9032070636749268, 2.9912519454956055], [668.8609619140625, 217.6721954345703, 3.5238735675811768, 3.0551698207855225], [653.0361938476562, 262.8456115722656, -0.6992461681365967, 2.6410739421844482], [695.6547241210938, 254.52700805664062, 2.6484670639038086, 2.386098861694336], [687.2322387695312, 293.0340270996094, 0.3534221649169922, 0.5930353999137878], [0.0, 0.0, 0.3534221649169922, 0.0]], [[294.935546875, 142.54710388183594, -6.469783782958984, 1.590376853942871], [293.4637756347656, 82.0176010131836, -9.740217208862305, 1.2939319610595703], [297.0768127441406, 245.2677764892578, 0.0, 2.449115037918091], [329.1983642578125, 153.5034637451172, -5.759143829345703, 1.7699562311172485], [350.406982421875, 222.5174102783203, -3.5737786293029785, 1.1362595558166504], [353.33734130859375, 254.84066772460938, -3.8060457706451416, 0.256245493888855], [322.57940673828125, 245.5497589111328, 0.7196909189224243, 2.3568694591522217], [342.22833251953125, 330.54473876953125, -7.887545108795166, 2.438483953475952], [338.9702453613281, 402.3021545410156, -7.108356475830078, 2.424438714981079], [262.4062805175781, 151.07139587402344, -7.110962867736816, 1.0435268878936768], [0.0, 0.0, -7.110962867736816, 0.0], [0.0, 0.0, -7.110962867736816, 0.0], [272.4114074707031, 245.19070434570312, -0.3971484303474426, 2.236011266708374], [270.5449523925781, 338.5118103027344, 2.716862678527832, 1.727152943611145], [274.8647155761719, 405.26458740234375, 8.293617248535156, 2.414865493774414]], [[0.0, 0.0, 0.0, 0.0], [0.0, 0.0, 0.0, 0.0], [474.7594299316406, 274.20611572265625, 0.0, 0.26738986372947693], [0.0, 0.0, 0.0, 0.0], [0.0, 0.0, 0.0, 0.0], [0.0, 0.0, 0.0, 0.0], [0.0, 0.0, 0.0, 0.0], [0.0, 0.0, 0.0, 0.0], [0.0, 0.0, 0.0, 0.0], [0.0, 0.0, 0.0, 0.0], [0.0, 0.0, 0.0, 0.0], [0.0, 0.0, 0.0, 0.0], [0.0, 0.0, 0.0, 0.0], [0.0, 0.0, 0.0, 0.0], [0.0, 0.0, 0.0, 0.0]]], "root_3d": [[[80.71491241455078, -1.426605224609375, 151.52647399902344, 1.0], [-2.607839345932007, -14.635068893432617, 151.1378936767578, 1.0], [216.02696228027344, -10.657051086425781, 204.3612518310547, 1.0], [32.94145965576172, -12.710823059082031, 208.76744079589844, 1.0], [144.36395263671875, 10.593948364257812, 257.96820068359375, 1.0]], [[79.20783233642578, 47.15819549560547, 151.57330322265625, 1.0], [1.4811217784881592, 30.847890853881836, 160.62240600585938, 1.0], [223.2322998046875, 37.40170669555664, 205.4956817626953, 1.0], [36.21322250366211, 34.13713455200195, 221.564453125, 1.0], [142.0882568359375, 56.00176239013672, 258.816162109375, 1.0]]], "image_path": "img_000572.png", "gt_3d": [], "gt_2d": []}}
