{"img_path": "/media/xuchengjun/D/dataset/panoptic-toolbox/171204_pose1_sample/hdImgs/00_15/00_15_00000000.jpg", "camera": {"id": 15, "K": [[1429.85, 0.0, 949.23], [0.0, 1426.39, 561.771], [0.0, 0.0, 1.0]], "D": [-0.2801, 0.197064, -3.20167e-05, 3.40654e-05, -0.0554113], "R": [[-0.9992972088, 0.006720010903, 0.03687722813], [0.004590412568, 0.9983331058, -0.0575320597], [-0.03720237376, -0.05732234498, -0.9976623337]], "t": [[8.374842777], [134.9994451], [270.4302205]]}, "bodyies": {"id": 0, "joint_2d": [[1087.0237285647029, 502.75474309847937], [1188.6599717101599, 421.6512849320766], [1068.4529422952453, 789.5140277261289], [1074.8057428339232, 510.77222889470823], [1052.473463468048, 645.2875185096107], [1092.1867986004768, 764.4944537437146], [1048.7666187457837, 781.652858429169], [1051.7502134885137, 1001.1997128098587], [1042.5320795953965, 1184.502315766614], [1104.027114870532, 489.2351505915144], [1073.096434941659, 637.2433697935634], [1115.2741531816396, 784.8381795164669], [1089.6855729570682, 797.9682960487756], [1088.995313747532, 1028.4860646711354], [1064.0185831630415, 1220.9946947415256], [1176.9850084413624, 405.2673449006716], [1124.8512945972336, 405.7097292136141], [1184.3260519925673, 401.29061105462404], [1144.4127560895436, 392.99543465575925]], "root_3d": [[26.88263666969653, -11.541552868289301, 278.0998811881737], [22.884060058045975, 43.820695626768966, 271.9712939893044]]}, "gt_3d": {"id": 0, "joint_3d": [[26.88263666969653, -11.541552868289301, 278.0998811881737], [47.68760327917998, -27.97540443139053, 281.80439693866884], [22.884060058045975, 43.820695626768966, 271.9712939893044], [26.028706561499533, -10.596360976276372, 295.6301817681006], [21.599487804729034, 17.514966268089054, 298.4162548091292], [29.683279546883746, 42.195953772563996, 294.39461333928887], [19.836004650132452, 43.926005500293044, 282.674822738462], [20.52672297673392, 88.20177968940449, 278.4253942863885], [18.96303161910517, 126.88942276350727, 275.5085011698793], [28.313704875914155, -13.299544336964658, 260.48991967464474], [21.705847563318315, 13.257687721901888, 249.84065352289488], [28.939609352393568, 38.97313399176491, 246.57652156551688], [25.93201633932665, 43.715284077693184, 261.2677273456506], [26.033316740567223, 87.14816238185614, 257.8390650078849], [21.983290172793332, 126.57041030739818, 257.91284059569654], [45.82260353700341, -31.563649421971064, 284.6864042138247], [35.670484880626624, -31.774519330952927, 288.2323031264858], [46.36500695920288, -31.726180576344632, 278.8838628957436], [37.6032852175322, -32.594611169481084, 272.9723483370467]]}}