{"model_pattern": "MIX", "3d_pairs": {"num": 4, "pred_2d": [[[298.055908203125, 122.25662994384766, -9.202098846435547, 2.2486660480499268], [314.6528015136719, 64.54396057128906, -11.819147109985352, 1.602992296218872], [301.5108642578125, 229.52159118652344, 0.0, 1.8922982215881348], [267.5884704589844, 131.5161590576172, -5.916367053985596, 1.8655331134796143], [262.76300048828125, 183.4847412109375, -2.080051898956299, 1.5532331466674805], [302.1750183105469, 186.07806396484375, -0.8150193691253662, 0.3785371780395508], [282.6825866699219, 222.41033935546875, 1.5018322467803955, 1.5504727363586426], [310.3368835449219, 267.11138916015625, 14.636600494384766, 0.8428889513015747], [302.61236572265625, 360.4263000488281, 15.824170112609863, 1.4145874977111816], [321.8868103027344, 139.17665100097656, -11.851508140563965, 1.5456550121307373], [358.1621398925781, 198.81971740722656, -9.690587997436523, 1.8823996782302856], [389.2859191894531, 161.93885803222656, -7.796947002410889, 1.2893728017807007], [314.8027038574219, 236.9013671875, -1.7138179540634155, 1.4760582447052002], [309.8263854980469, 313.8341064453125, 5.045295238494873, 3.930718421936035], [293.8406677246094, 367.2186584472656, 10.163520812988281, 3.3042221069335938]], [[525.0955200195312, 161.40919494628906, -18.466594696044922, 2.705662727355957], [533.1636962890625, 97.13153839111328, -27.470245361328125, 2.83953595161438], [514.131103515625, 250.82659912109375, 0.0, 2.754305124282837], [486.736328125, 169.85995483398438, -17.92755126953125, 2.1212527751922607], [454.9765625, 234.02639770507812, -13.278076171875, 2.2886719703674316], [462.66357421875, 269.4919128417969, -9.533233642578125, 1.394698143005371], [486.0016784667969, 253.6042022705078, -1.0697356462478638, 2.5638844966888428], [478.196533203125, 330.8628234863281, 18.584148406982422, 3.0577077865600586], [487.296875, 389.80047607421875, 26.055360794067383, 3.170562267303467], [561.1506958007812, 166.3863525390625, -15.98318862915039, 2.048093795776367], [572.744873046875, 192.81396484375, -5.60831356048584, 1.8183000087738037], [550.5408325195312, 170.37550354003906, -5.3325042724609375, 0.3616492748260498], [539.0936889648438, 249.5870361328125, 0.4757228493690491, 3.082979202270508], [533.7235717773438, 326.0484619140625, 20.565601348876953, 3.197807788848877], [540.4962768554688, 389.2071533203125, 24.32370948791504, 3.1913576126098633]], [[700.7891235351562, 110.64261627197266, -12.789750099182129, 2.889033555984497], [658.8995971679688, 73.6123275756836, -19.103450775146484, 2.479703903198242], [687.393798828125, 193.16429138183594, 0.0, 2.1004576683044434], [702.2350463867188, 132.4279022216797, -15.356175422668457, 2.688720464706421], [710.7864990234375, 186.90550231933594, -16.232540130615234, 2.527827501296997], [690.8248901367188, 229.16372680664062, -12.135697364807129, 2.5390233993530273], [693.0433959960938, 201.10972595214844, -3.8813629150390625, 2.132286548614502], [679.1178588867188, 261.70721435546875, 10.0191068649292, 3.2930004596710205], [668.3427734375, 306.34552001953125, 24.9732666015625, 2.6882307529449463], [710.2271118164062, 107.27314758300781, -2.8755884170532227, 2.3484063148498535], [735.2239379882812, 138.19161987304688, 7.295475006103516, 1.5982228517532349], [745.7824096679688, 173.83457946777344, 10.395116806030273, 1.2609831094741821], [685.2527465820312, 182.28887939453125, 3.842980146408081, 2.157050371170044], [639.566162109375, 229.97317504882812, 12.416980743408203, 2.989780902862549], [634.8712768554688, 273.1976318359375, 21.984338760375977, 2.2957825660705566]], [[373.5278015136719, 30.350311279296875, -9.461938858032227, 2.4835293292999268], [0.0, 0.0, -9.461938858032227, 0.0], [369.1678466796875, 107.28154754638672, 0.0, 1.9140100479125977], [394.4963684082031, 35.27545928955078, -2.519537925720215, 3.5140085220336914], [400.831787109375, 70.13233947753906, 12.575270652770996, 2.5631606578826904], [409.35089111328125, 106.07522583007812, 14.299473762512207, 3.1538147926330566], [386.55535888671875, 103.27835083007812, 1.1925668716430664, 2.157377243041992], [409.2063903808594, 161.8887481689453, 4.3077006340026855, 2.5027081966400146], [393.4349670410156, 202.21548461914062, 12.300545692443848, 2.6253509521484375], [345.76025390625, 42.91313552856445, -12.73950481414795, 2.2086939811706543], [315.5755310058594, 83.3811264038086, -12.21341323852539, 1.2732300758361816], [325.1762390136719, 101.65232849121094, -13.359657287597656, 0.3386143445968628], [349.8749084472656, 112.90908813476562, -1.2888896465301514, 1.8006877899169922], [350.0267028808594, 192.53440856933594, 2.5242722034454346, 0.6239638924598694], [346.7015380859375, 209.94154357910156, 7.432065963745117, 0.9953403472900391]]], "root_3d": [[[37.95892333984375, -22.540624618530273, 194.71652221679688, 1.0], [133.39340209960938, -7.839149475097656, 199.4012451171875, 1.0], [294.552490234375, -32.07349395751953, 274.6579284667969, 1.0], [98.21162414550781, -87.70492553710938, 294.31048583984375, 1.0]], [[36.37149429321289, 25.255517959594727, 210.1613311767578, 1.0], [138.6944122314453, 36.29899597167969, 218.6144256591797, 1.0], [300.72686767578125, 12.469691276550293, 297.6362609863281, 1.0], [100.88211822509766, -45.10208511352539, 315.3826904296875, 1.0]]], "image_path": "img_000572.png", "gt_3d": [], "gt_2d": []}}
