{"model_pattern": "MIX", "3d_pairs": {"num": 4, "pred_2d": [[[321.93896484375, 105.77824401855469, -6.252407550811768, 2.4896345138549805], [334.6990661621094, 46.38895797729492, -9.79597282409668, 1.5333154201507568], [324.5289001464844, 229.42384338378906, 0.0, 2.099287748336792], [302.961181640625, 117.38670349121094, -2.4094924926757812, 2.058323383331299], [293.26934814453125, 170.0106964111328, 0.8443379402160645, 1.5684751272201538], [329.7674865722656, 182.53382873535156, 2.0229289531707764, 0.2419878989458084], [310.2506408691406, 218.59169006347656, 1.6395868062973022, 1.5186069011688232], [330.59722900390625, 308.8738708496094, 8.687522888183594, 0.7982020378112793], [324.3475646972656, 366.76434326171875, 10.038012504577637, 1.9556533098220825], [331.54620361328125, 122.52986907958984, -10.499124526977539, 1.3809263706207275], [362.5467224121094, 197.4204864501953, -8.609040260314941, 2.364610195159912], [390.8645324707031, 152.76522827148438, -7.4836506843566895, 2.3852357864379883], [333.4422912597656, 234.52720642089844, -1.465090274810791, 1.792724370956421], [329.55487060546875, 321.0628662109375, 5.099723815917969, 3.2291643619537354], [315.54351806640625, 378.89471435546875, 8.930234909057617, 3.1628668308258057]], [[505.2041320800781, 146.36561584472656, -17.970983505249023, 3.1022989749908447], [508.9978942871094, 82.83787536621094, -28.03974151611328, 3.028944253921509], [494.28118896484375, 246.8533935546875, 0.0, 2.946129560470581], [473.7492980957031, 160.12850952148438, -18.096736907958984, 2.0335144996643066], [446.333251953125, 228.99591064453125, -13.334022521972656, 2.052309989929199], [452.3811950683594, 270.05035400390625, -11.555415153503418, 1.2619696855545044], [471.47967529296875, 250.12901306152344, -2.4723989963531494, 2.6653857231140137], [466.5621032714844, 338.06982421875, 17.991981506347656, 2.8818233013153076], [472.7539367675781, 402.144287109375, 21.132978439331055, 3.0630970001220703], [532.7576293945312, 151.22512817382812, -14.293628692626953, 2.427945852279663], [538.1587524414062, 186.8670196533203, -1.2042980194091797, 2.5331079959869385], [517.3937377929688, 162.72622680664062, -0.06050240993499756, 0.7913104295730591], [517.3887329101562, 241.7214813232422, 1.1624852418899536, 2.5559170246124268], [509.7071228027344, 330.1309509277344, 21.03642463684082, 3.1998422145843506], [518.1491088867188, 400.7893371582031, 19.31498146057129, 3.125577449798584]], [[647.3638916015625, 96.61180114746094, -9.154226303100586, 2.8341336250305176], [613.1331176757812, 56.53732681274414, -16.155729293823242, 2.9503090381622314], [639.0704956054688, 183.02366638183594, 0.0, 2.3967959880828857], [650.0818481445312, 117.43203735351562, -11.827356338500977, 2.631160259246826], [655.1217041015625, 177.7545623779297, -11.554581642150879, 2.6824252605438232], [639.8893432617188, 221.43597412109375, -7.649981498718262, 2.926875591278076], [642.7313842773438, 193.68186950683594, -3.6327919960021973, 2.0577499866485596], [630.6229248046875, 261.1512451171875, 6.028117656707764, 3.3150858879089355], [620.6937255859375, 312.9605407714844, 15.149887084960938, 3.353850841522217], [654.6577758789062, 93.95423126220703, 0.47537803649902344, 2.548191785812378], [678.596435546875, 129.03594970703125, 12.392571449279785, 2.127439022064209], [684.7886352539062, 165.87799072265625, 18.069305419921875, 2.125654935836792], [634.9647216796875, 174.66180419921875, 3.981037139892578, 2.121735095977783], [600.767578125, 229.1788787841797, 12.873154640197754, 3.140976905822754], [593.677978515625, 276.8825378417969, 21.066783905029297, 2.2977378368377686]], [[382.5743408203125, 10.716633796691895, -5.76658821105957, 2.222508668899536], [0.0, 0.0, -5.76658821105957, 0.0], [374.64508056640625, 90.48457336425781, 0.0, 2.16365385055542], [400.8395690917969, 16.39322853088379, -0.5540657043457031, 2.2946510314941406], [402.7898254394531, 56.935211181640625, 8.556266784667969, 2.5348241329193115], [409.7289123535156, 91.5193862915039, 9.968568801879883, 3.0146539211273193], [390.1249084472656, 86.42002868652344, 0.7513036727905273, 1.8104488849639893], [409.0400695800781, 153.59132385253906, 5.682889938354492, 2.696434259414673], [397.45440673828125, 198.8232421875, 11.086308479309082, 2.3790571689605713], [361.443603515625, 18.7158203125, -9.569986343383789, 1.9534835815429688], [340.73492431640625, 63.71867752075195, -10.281204223632812, 0.9542394280433655], [342.614990234375, 81.56037139892578, -10.099552154541016, 0.28480273485183716], [361.0160827636719, 96.32292175292969, -1.5846433639526367, 2.0870766639709473], [358.3218688964844, 160.67971801757812, 3.704719066619873, 1.4202057123184204], [358.480712890625, 200.8573760986328, 8.068514823913574, 1.4206668138504028]]], "root_3d": [[[-39.75546646118164, -61.13259506225586, 297.3780517578125, 1.0], [39.13836669921875, -48.658660888671875, 296.55364990234375, 1.0], [135.89337158203125, -90.50535583496094, 406.80548095703125, 1.0], [-26.26966667175293, -156.12725830078125, 439.7814636230469, 1.0]], [[-41.778099060058594, -12.138274192810059, 310.99456787109375, 1.0], [36.46131134033203, -4.260246276855469, 317.1485290527344, 1.0], [139.88995361328125, -45.764251708984375, 427.0043640136719, 1.0], [-27.80714988708496, -111.29301452636719, 457.8438415527344, 1.0]]], "image_path": "img_000572.png", "gt_3d": [], "gt_2d": []}}
