{"img_path": "/media/xuchengjun/D/dataset/panoptic-toolbox/171204_pose1_sample/hdImgs/00_21/00_21_00000000.jpg", "camera": {"id": 21, "K": [[1397.27, 0.0, 932.173], [0.0, 1393.45, 563.453], [0.0, 0.0, 1.0]], "D": [-0.28791, 0.186278, -0.000124931, 8.41097e-05, -0.050319], "R": [[-0.2755205289, -0.04871896674, -0.9600598421], [-0.4527364135, 0.8875945776, 0.08488583923], [0.8480083597, 0.458041841, -0.2666073778]], "t": [[-5.860650791], [96.90007543], [334.6517281]]}, "bodyies": {"id": 0, "joint_2d": [[961.3000774690724, 428.7101174009239], [1016.658982509523, 381.9234591694294], [925.3083285038817, 679.2997083479228], [1052.2300076695478, 422.626658510709], [1053.8939482153162, 545.0998967929902], [1042.7366444425256, 675.1360161493286], [972.8739579178853, 664.6763776355077], [952.9425240751906, 837.6001185663024], [938.7927220931014, 960.022597992777], [866.6242826785319, 432.4494249458976], [807.6810716845251, 555.286701159186], [803.746034913563, 692.5542747677911], [876.1164665250081, 694.3347719000194], [866.101365274253, 864.5803139678261], [868.550229729393, 980.5217707380407], [1030.6117825053298, 356.020119040366], [1032.5089329478105, 333.50619386582224], [997.4513428474212, 359.1076697428869], [948.5336720477477, 339.76553173752876]], "root_3d": [[5.238566240655861, -24.30088158279824, 250.61149001041716], [-1.3742873230052757, 23.253224955101658, 279.1317262267819]]}, "gt_3d": {"id": 0, "joint_3d": [[5.238566240655861, -24.30088158279824, 250.61149001041716], [13.7322746304085, -29.586799699206537, 225.78091334988943], [-1.3742873230052757, 23.253224955101658, 279.1317262267819], [22.058445079015993, -25.945272505248397, 255.4407422452253], [23.851989138684555, -3.606026203400276, 273.1993507405484], [22.01597457823352, 22.30058201340202, 277.21794931740055], [8.287583987228967, 20.668329753187194, 284.0137154951198], [4.563549683621081, 60.41679881000983, 303.6369081596594], [1.563278360656339, 94.05380159595043, 322.80035092078987], [-11.524706189878888, -23.095251468361425, 244.88537542918618], [-23.305249202829803, -1.532672365453223, 260.96739057936895], [-24.603977033515843, 24.80114924883334, 266.3626838221864], [-11.036219715789418, 25.837989519350586, 274.2497652908008], [-14.109122226580805, 64.47595557634244, 294.14563808641907], [-14.797675354481271, 97.2562491568496, 316.40546820868593], [16.064318769216758, -33.94430073814944, 226.26407679732438], [17.07336119959785, -39.23600645913548, 235.57337657650183], [10.559964348815715, -33.14796592310681, 224.51535244039735], [2.7168253723821936, -37.253264026832156, 230.3548423519739]]}}