{"img_path": "/media/xuchengjun/D/dataset/panoptic-toolbox/171204_pose1_sample/hdImgs/00_05/00_05_00000000.jpg", "camera": {"id": 5, "K": [[1396.75, 0.0, 934.326], [0.0, 1393.02, 560.133], [0.0, 0.0, 1.0]], "D": [-0.287461, 0.18386, -0.000300461, -8.81602e-05, -0.0484161], "R": [[-0.937566026, -0.01107891291, -0.3476308453], [-0.02144311715, 0.9994324354, 0.02598075902], [0.3471457038, 0.03181296593, -0.9372714631]], "t": [[-6.86900582], [143.5434839], [283.119947]]}, "bodyies": {"id": 0, "joint_2d": [[998.7941689928078, 547.1023334419523], [1107.9157136396054, 462.68439216679053], [968.4883508945463, 829.5474733365055], [1023.818967900496, 545.2992191644252], [1007.8860820572479, 676.4589507287891], [1037.460217783342, 797.5132880313004], [973.4466318940038, 815.0674820502888], [968.8685739025082, 1022.6214357314778], [956.7194465392521, 1188.1752787187816], [973.2642207320631, 544.8086543980206], [917.5786285691231, 696.2737858996683], [948.7876792746639, 843.5725494561261], [963.1190537441354, 845.1974126664182], [957.0778485550128, 1061.5451220928317], [938.62473967209, 1230.0566144298573], [1102.5686690938246, 443.8102203876276], [1057.8602231826476, 442.58275894080117], [1097.0738603149953, 443.06751064987554], [1043.2625694965623, 438.4708901079162]], "root_3d": [[12.485486382951697, -2.5302024319932173, 270.3329218944379], [6.70422923687158, 53.008894697688476, 271.04882036567744]]}, "gt_3d": {"id": 0, "joint_3d": [[12.485486382951697, -2.5302024319932173, 270.3329218944379], [33.049722726238414, -18.600990699770904, 264.3761192384049], [6.70422923687158, 53.008894697688476, 271.04882036567744], [18.40323700778177, -3.0581877418600527, 286.874852913412], [15.506103326413578, 24.587059901638696, 293.58110376520506], [21.552438556945788, 49.74029055927518, 288.9519298558385], [7.9805863316352195, 52.14299574405264, 282.07099760974705], [7.199369876291183, 96.6196469152614, 281.76097226649665], [4.818617066621778, 135.35412527755759, 283.0491201590099], [7.06679400290469, -2.7885452860278406, 253.42670213364102], [-2.9874071680108383, 24.352385225460722, 248.46281732999876], [2.567905579938069, 50.448950301204405, 244.94517102592022], [5.427765588162819, 53.874692602999446, 260.0266371640231], [4.411817860825032, 97.42687887343018, 260.6231491092146], [0.8804955629190214, 136.57432552652995, 265.67576952899736], [32.411691189049215, -22.467292788474367, 267.4264169294029], [24.38573804450889, -23.265031178426426, 274.54196806892577], [30.693622815967927, -22.135217160089553, 261.8651157830039], [20.333485464654977, -22.768130847034655, 259.68912904586557]]}}