{"img_path": "/media/xuchengjun/D/dataset/panoptic-toolbox/171204_pose1_sample/hdImgs/00_17/00_17_00000000.jpg", "camera": {"id": 17, "K": [[1393.21, 0.0, 914.88], [0.0, 1390.16, 563.106], [0.0, 0.0, 1.0]], "D": [-0.284421, 0.176922, 0.000126986, 0.000503947, -0.0429811], "R": [[0.4906904676, 0.0946902297, -0.8661735539], [-0.6096007793, 0.7475924551, -0.2636141326], [0.6225831309, 0.6573730154, 0.4245597292]], "t": [[21.28738278], [97.30633283], [361.263403]]}, "bodyies": {"id": 0, "joint_2d": [[896.1510859336307, 558.5717857657818], [832.3705740428179, 564.2027639406847], [922.6560471571369, 738.610051816092], [982.2893270093764, 583.6111355868801], [1023.1599650582486, 683.0188358612081], [997.9450388936453, 789.2543723715717], [973.2939148954048, 744.43824124762], [978.4017806420587, 867.2447654353302], [988.8316243653836, 949.661970874633], [812.0995382583619, 533.364311597906], [813.6177334410206, 601.9203217953918], [805.785361163856, 706.7182630326156], [873.0948390733778, 732.7774622809778], [891.6254553283437, 851.8103488091112], [924.3187338569728, 933.1825191004795], [849.078184130289, 544.8614086806958], [900.1215170896013, 512.4036066794092], [818.2575767966594, 537.749351085467], [818.3271218149307, 495.14883912552875]], "root_3d": [[-3.4066353095503814, -0.826545937621006, 253.3941775920051], [1.6454390664657126, 37.27238128590955, 293.90929875993163]]}, "gt_3d": {"id": 0, "joint_3d": [[-3.4066353095503814, -0.826545937621006, 253.3941775920051], [-13.555547228122599, 0.18047608079967858, 228.6428737224151], [1.6454390664657126, 37.27238128590955, 293.90929875993163], [11.911022118919263, 3.631160874871341, 246.01635652633468], [20.684745528822937, 22.9587958592124, 265.1759808607132], [16.70643891444645, 45.59451524636171, 277.92234181432354], [12.246853776527383, 38.10886873392313, 290.6263801599554], [14.806647678146192, 71.08719321849522, 320.371236578585], [18.8430897157495, 98.78655900380191, 347.2810748070481], [-19.211480660179447, -5.5714133983540535, 259.94721741946614], [-20.82107114117919, 7.99776947058848, 285.94036492422265], [-23.567627588653416, 31.088466277531495, 299.48813937516314], [-8.955970690514327, 36.43574757400724, 297.1922308633085], [-5.522463475263159, 68.61756731849394, 326.35937695418875], [2.4322401543719536, 96.09756357007478, 353.7837144242328], [-10.686538293799082, -2.969505011653638, 226.09216814570104], [-2.441381357944067, -8.405170326279944, 230.35295541164425], [-15.870152481552708, -4.173939445843615, 228.47325723408568], [-16.39534257890145, -11.56452047799263, 236.06084125778708]]}}