{"img_path": "/media/xuchengjun/D/dataset/panoptic-toolbox/171204_pose1_sample/hdImgs/00_19/00_19_00000000.jpg", "camera": {"id": 19, "K": [[1397.39, 0.0, 948.986], [0.0, 1393.8, 555.982], [0.0, 0.0, 1.0]], "D": [-0.281642, 0.168922, -1.02433e-05, 0.000977743, -0.0351229], "R": [[0.7465521557, 0.00991988101, 0.6652529404], [0.5082768062, 0.6366996589, -0.5798863963], [-0.4293187243, 0.7710480791, 0.4702874575]], "t": [[-24.67388828], [76.16539419], [377.6512638]]}, "bodyies": {"id": 0, "joint_2d": [[748.2250498461806, 415.06086278520274], [660.0252597551112, 312.8347940391486], [799.4396317526376, 591.7780108182792], [682.4015108353774, 464.25819411405087], [700.9686255211442, 580.3618432314565], [703.8827163115677, 624.4638113800928], [773.101223419917, 625.0669240672927], [796.8619526303371, 726.7991613584239], [817.4619744770413, 805.8287324329875], [808.9507967888939, 364.3592717104644], [870.9659960022952, 449.187574679798], [861.2517198103592, 506.82065670150865], [824.8488596888138, 559.7420527280633], [841.5529587165012, 665.7943403641569], [856.4355133401009, 760.7808093197478], [652.0220101964774, 308.93643679635295], [669.3818368031759, 339.2089269926896], [673.731524721511, 294.026026014538], [724.8664091188169, 296.1137969094395]], "root_3d": [[-39.678464603879846, -27.91737941426227, 273.6451815520613], [-33.93345476873779, 8.142498824383154, 315.8968891857631]]}, "gt_3d": {"id": 0, "joint_3d": [[-39.678464603879846, -27.91737941426227, 273.6451815520613], [-56.84151554501724, -47.935192373496164, 269.02366703207633], [-33.93345476873779, 8.142498824383154, 315.8968891857631], [-51.21765959349984, -17.663973814346676, 265.2399049127385], [-50.65155244805962, 4.991021324697385, 282.677152952738], [-54.315909698144154, 15.212180777202455, 306.60982557118916], [-39.144398014989825, 15.41278303722899, 309.27448044103204], [-37.80630000093318, 42.55097290964604, 344.49673275793833], [-35.62459008306209, 67.81836729594768, 373.8988763121043], [-28.48023103485982, -39.06112953703726, 281.74861495288036], [-17.005837479830497, -23.333966142856738, 303.7338792592277], [-20.606988593688037, -11.575780440828837, 327.67219214049027], [-28.722411249140666, 0.8721785737961909, 322.5191967053121], [-27.506069104895662, 28.18332653300878, 356.4426784549136], [-25.61863248722974, 56.81376775232136, 383.7786841655585], [-57.40101465310646, -47.857280390456495, 264.0900494387141], [-52.52563452981765, -40.81377565321678, 257.58596702101795], [-53.772675352791516, -51.28662075393888, 267.1008437180472], [-43.339057232155014, -50.36195811719905, 265.4417608796397]]}}