{"img_path": "/media/xuchengjun/D/dataset/panoptic-toolbox/171204_pose1_sample/hdImgs/00_14/00_14_00000000.jpg", "camera": {"id": 14, "K": [[1648.02, 0.0, 935.546], [0.0, 1643.15, 565.17], [0.0, 0.0, 1.0]], "D": [-0.220121, 0.202599, -0.000630739, 0.000350103, 0.0401289], "R": [[0.831933664, -0.07319383924, 0.5500264], [0.0192422789, 0.9944710604, 0.1032329636], [-0.5545413542, -0.07529921627, 0.8287423692]], "t": [[-4.625042441], [140.7967865], [265.2597889]]}, "bodyies": {"id": 0, "joint_2d": [[882.5520311289616, 535.3804176801003], [789.4544614681005, 443.5929550126091], [888.9597930059359, 854.9045441504068], [822.6669899203794, 522.5485163999859], [814.0464628232107, 690.1426842559885], [776.1600895005251, 837.6015847023493], [865.102167867277, 856.3280809059593], [850.5995030120888, 1115.050508951943], [845.5362889714092, 1338.5848309805806], [934.8779109201353, 542.724962947798], [982.4500550036207, 693.4389744864195], [946.726721484565, 828.2510849801905], [911.1506266097922, 853.5567966315597], [897.5694814149952, 1091.0361022263191], [893.2695217751105, 1311.0046564829984], [789.2755162095309, 420.4191374626182], [820.2649095643158, 412.0296589054948], [807.5024186486226, 426.90741115511594], [865.1326688798322, 427.57829651190355]], "root_3d": [[-9.27347337542832, -5.228036543082595, 288.29822121015803], [-8.087316760766976, 50.43231351275159, 283.9341383795886]]}, "gt_3d": {"id": 0, "joint_3d": [[-9.27347337542832, -5.228036543082595, 288.29822121015803], [-26.63170050902196, -22.224809037980464, 299.54291886644035], [-8.087316760766976, 50.43231351275159, 283.9341383795886], [-18.76442550526324, -7.105050765348523, 273.62400340961983], [-19.609581458062237, 20.230724087216103, 265.2772659658465], [-26.34584760730027, 45.16561922629813, 270.1297041253611], [-11.78409635019614, 48.84269196088873, 273.55752122290005], [-14.366425278255587, 93.21812293359667, 271.8163671314028], [-15.322212577238103, 131.8838235582327, 268.3904090486369], [-0.12304838911567906, -4.145466071592352, 303.47540798771587], [8.68865855346756, 23.834746593867905, 304.8240156107298], [2.101923800177067, 49.67630056334703, 308.4427250127874], [-4.39042465753149, 52.02184167105486, 294.3107407617581], [-6.881708085190837, 95.43860919209581, 291.6728040425229], [-7.614925659283768, 134.37042615765773, 284.30409930606186], [-26.41468322094436, -26.21314994358056, 296.5923710521891], [-20.19502670940028, -26.902423479543756, 287.84456256609707], [-23.499142959821718, -25.445758830940576, 301.5824451462335], [-12.898834321491838, -25.27624227282766, 301.3128809196626]]}}